{ "skeleton": { "images": "/e/G man's stuff/Documents/Digipen Stuff/PRJ252/Team Project/cc-art/Assets/VFX/Wind/images/" },
"bones": [
	{ "name": "root" }
],
"slots": [
	{ "name": "W1 Frame 1", "bone": "root", "attachment": "W1 Frame 1" },
	{ "name": "W1 Frame 2", "bone": "root", "attachment": "W1 Frame 2" },
	{ "name": "W1 Frame 3", "bone": "root", "attachment": "W1 Frame 3" },
	{ "name": "W1 Frame 4", "bone": "root", "attachment": "W1 Frame 4" },
	{ "name": "W1 Frame 5", "bone": "root", "attachment": "W1 Frame 5" },
	{ "name": "W1 Frame 6", "bone": "root", "attachment": "W1 Frame 6" },
	{ "name": "W1 Frame 7", "bone": "root", "attachment": "W1 Frame 7" },
	{ "name": "W1 Frame 8", "bone": "root", "attachment": "W1 Frame 8" },
	{ "name": "W1 Frame 9", "bone": "root", "attachment": "W1 Frame 9" },
	{ "name": "W1 Frame 10", "bone": "root", "attachment": "W1 Frame 10" },
	{ "name": "W1 Frame 11", "bone": "root", "attachment": "W1 Frame 11" },
	{ "name": "W2 Frame 1", "bone": "root", "attachment": "W2 Frame 1" },
	{ "name": "W2 Frame 2", "bone": "root", "attachment": "W2 Frame 2" },
	{ "name": "W2 Frame 3", "bone": "root", "attachment": "W2 Frame 3" },
	{ "name": "W2 Frame 4", "bone": "root", "attachment": "W2 Frame 4" },
	{ "name": "W2 Frame 5", "bone": "root", "attachment": "W2 Frame 5" },
	{ "name": "W2 Frame 6", "bone": "root", "attachment": "W2 Frame 6" },
	{ "name": "W2 Frame 7", "bone": "root", "attachment": "W2 Frame 7" },
	{ "name": "W2 Frame 8", "bone": "root", "attachment": "W2 Frame 8" },
	{ "name": "W2 Frame 9", "bone": "root", "attachment": "W2 Frame 9" },
	{ "name": "W2 Frame 10", "bone": "root", "attachment": "W2 Frame 10" },
	{ "name": "W2 Frame 11", "bone": "root", "attachment": "W2 Frame 11" },
	{ "name": "W3 Frame 1", "bone": "root", "attachment": "W3 Frame 1" },
	{ "name": "W3 Frame 2", "bone": "root", "attachment": "W3 Frame 2" },
	{ "name": "W3 Frame 3", "bone": "root", "attachment": "W3 Frame 3" },
	{ "name": "W3 Frame 4", "bone": "root", "attachment": "W3 Frame 4" },
	{ "name": "W3 Frame 5", "bone": "root", "attachment": "W3 Frame 5" },
	{ "name": "W3 Frame 6", "bone": "root", "attachment": "W3 Frame 6" },
	{ "name": "W3 Frame 7", "bone": "root", "attachment": "W3 Frame 7" },
	{ "name": "W3 Frame 8", "bone": "root", "attachment": "W3 Frame 8" },
	{ "name": "W3 Frame 9", "bone": "root", "attachment": "W3 Frame 9" },
	{ "name": "W3 Frame 10", "bone": "root", "attachment": "W3 Frame 10" },
	{ "name": "W3 Frame 11", "bone": "root", "attachment": "W3 Frame 11" },
	{ "name": "W4 Frame 1", "bone": "root", "attachment": "W4 Frame 1" },
	{ "name": "W4 Frame 2", "bone": "root", "attachment": "W4 Frame 2" },
	{ "name": "W4 Frame 3", "bone": "root", "attachment": "W4 Frame 3" },
	{ "name": "W4 Frame 4", "bone": "root", "attachment": "W4 Frame 4" },
	{ "name": "W4 Frame 5", "bone": "root", "attachment": "W4 Frame 5" },
	{ "name": "W4 Frame 6", "bone": "root", "attachment": "W4 Frame 6" },
	{ "name": "W4 Frame 7", "bone": "root", "attachment": "W4 Frame 7" },
	{ "name": "W4 Frame 8", "bone": "root", "attachment": "W4 Frame 8" },
	{ "name": "W4 Frame 9", "bone": "root", "attachment": "W4 Frame 9" },
	{ "name": "W4 Frame 10", "bone": "root", "attachment": "W4 Frame 10" },
	{ "name": "W4 Frame 11", "bone": "root", "attachment": "W4 Frame 11" }
],
"skins": {
	"default": {
		"W1 Frame 1": {
			"W1 Frame 1": { "x": 139, "y": -1306, "width": 44, "height": 18 }
		},
		"W1 Frame 2": {
			"W1 Frame 2": { "x": 369.5, "y": -1268.5, "width": 487, "height": 97 }
		},
		"W1 Frame 3": {
			"W1 Frame 3": { "x": 833.5, "y": -1281, "width": 1409, "height": 152 }
		},
		"W1 Frame 4": {
			"W1 Frame 4": { "x": 1294, "y": -1302, "width": 2246, "height": 200 }
		},
		"W1 Frame 5": {
			"W1 Frame 5": { "x": 1711.5, "y": -1069.5, "width": 2419, "height": 659 }
		},
		"W1 Frame 6": {
			"W1 Frame 6": { "x": 1761.5, "y": -1065.5, "width": 2351, "height": 649 }
		},
		"W1 Frame 7": {
			"W1 Frame 7": { "x": 1929, "y": -1077.5, "width": 1996, "height": 621 }
		},
		"W1 Frame 8": {
			"W1 Frame 8": { "x": 2145.5, "y": -1081, "width": 1505, "height": 610 }
		},
		"W1 Frame 9": {
			"W1 Frame 9": { "x": 2507, "y": -1090.5, "width": 844, "height": 585 }
		},
		"W1 Frame 10": {
			"W1 Frame 10": { "x": 2704, "y": -971.5, "width": 562, "height": 347 }
		},
		"W1 Frame 11": {
			"W1 Frame 11": { "x": 2721.5, "y": -918.5, "width": 575, "height": 107 }
		},
		"W2 Frame 1": {
			"W2 Frame 1": { "x": 140.5, "y": -1316.5, "width": 47, "height": 21 }
		},
		"W2 Frame 2": {
			"W2 Frame 2": { "x": 364, "y": -1314, "width": 482, "height": 90 }
		},
		"W2 Frame 3": {
			"W2 Frame 3": { "x": 785.5, "y": -1261.5, "width": 1275, "height": 199 }
		},
		"W2 Frame 4": {
			"W2 Frame 4": { "x": 972.5, "y": -1288.5, "width": 1617, "height": 261 }
		},
		"W2 Frame 5": {
			"W2 Frame 5": { "x": 1394, "y": -1269.5, "width": 1994, "height": 319 }
		},
		"W2 Frame 6": {
			"W2 Frame 6": { "x": 1768.5, "y": -1170, "width": 2563, "height": 486 }
		},
		"W2 Frame 7": {
			"W2 Frame 7": { "x": 2155, "y": -1161.5, "width": 2044, "height": 459 }
		},
		"W2 Frame 8": {
			"W2 Frame 8": { "x": 2279.5, "y": -1207.5, "width": 1807, "height": 515 }
		},
		"W2 Frame 9": {
			"W2 Frame 9": { "x": 2795.5, "y": -1222, "width": 821, "height": 544 }
		},
		"W2 Frame 10": {
			"W2 Frame 10": { "x": 3093, "y": -1217.5, "width": 260, "height": 511 }
		},
		"W2 Frame 11": {
			"W2 Frame 11": { "x": 3127, "y": -1345, "width": 190, "height": 262 }
		},
		"W3 Frame 1": {
			"W3 Frame 1": { "x": 117, "y": -1310, "width": 60, "height": 26 }
		},
		"W3 Frame 2": {
			"W3 Frame 2": { "x": 321, "y": -1336, "width": 444, "height": 74 }
		},
		"W3 Frame 3": {
			"W3 Frame 3": { "x": 446, "y": -1201, "width": 656, "height": 344 }
		},
		"W3 Frame 4": {
			"W3 Frame 4": { "x": 1043, "y": -1193.5, "width": 1808, "height": 329 }
		},
		"W3 Frame 5": {
			"W3 Frame 5": { "x": 1424, "y": -1206.5, "width": 2074, "height": 335 }
		},
		"W3 Frame 6": {
			"W3 Frame 6": { "x": 1571, "y": -1025, "width": 2078, "height": 678 }
		},
		"W3 Frame 7": {
			"W3 Frame 7": { "x": 1640, "y": -1006.5, "width": 2254, "height": 629 }
		},
		"W3 Frame 8": {
			"W3 Frame 8": { "x": 2319.5, "y": -999, "width": 1299, "height": 560 }
		},
		"W3 Frame 9": {
			"W3 Frame 9": { "x": 2658, "y": -1046, "width": 1016, "height": 384 }
		},
		"W3 Frame 10": {
			"W3 Frame 10": { "x": 2697, "y": -1082, "width": 1030, "height": 296 }
		},
		"W3 Frame 11": {
			"W3 Frame 11": { "x": 2980, "y": -1178, "width": 450, "height": 124 }
		},
		"W4 Frame 1": {
			"W4 Frame 1": { "x": 112, "y": -1323, "width": 46, "height": 48 }
		},
		"W4 Frame 2": {
			"W4 Frame 2": { "x": 392, "y": -1273.5, "width": 590, "height": 169 }
		},
		"W4 Frame 3": {
			"W4 Frame 3": { "x": 725, "y": -1314.5, "width": 1212, "height": 253 }
		},
		"W4 Frame 4": {
			"W4 Frame 4": { "x": 1109.5, "y": -1278, "width": 1935, "height": 414 }
		},
		"W4 Frame 5": {
			"W4 Frame 5": { "x": 1451, "y": -1281.5, "width": 2004, "height": 417 }
		},
		"W4 Frame 6": {
			"W4 Frame 6": { "x": 1747, "y": -1289, "width": 2390, "height": 368 }
		},
		"W4 Frame 7": {
			"W4 Frame 7": { "x": 2277.5, "y": -1132.5, "width": 1701, "height": 401 }
		},
		"W4 Frame 8": {
			"W4 Frame 8": { "x": 2542, "y": -1082, "width": 1438, "height": 466 }
		},
		"W4 Frame 9": {
			"W4 Frame 9": { "x": 2847.5, "y": -1252, "width": 791, "height": 802 }
		},
		"W4 Frame 10": {
			"W4 Frame 10": { "x": 3121, "y": -1116.5, "width": 216, "height": 497 }
		},
		"W4 Frame 11": {
			"W4 Frame 11": { "x": 3140, "y": -1125.5, "width": 248, "height": 467 }
		}
	}
},
"animations": { "animation": {} }
}