{
"skeleton": {
	"hash": "kRR1D23DP1U",
	"spine": "4.0.49",
	"x": -110.16,
	"y": 6.77,
	"width": 219.04,
	"height": 213.06,
	"images": "./images/",
	"audio": "E:/G man's stuff/Documents/Digipen Stuff/PRJ252/Team Project/cc-art/Assets/VFX/Aim Particles"
},
"bones": [
	{ "name": "root" }
],
"slots": [
	{ "name": "Glow", "bone": "root", "attachment": "Glow" },
	{ "name": "Light 1", "bone": "root", "attachment": "Light 1" },
	{ "name": "Light 2", "bone": "root", "attachment": "Light 2" },
	{ "name": "Light 3", "bone": "root", "attachment": "Light 3" },
	{ "name": "Light 4", "bone": "root", "attachment": "Light 4" },
	{ "name": "Light 5", "bone": "root", "attachment": "Light 5" },
	{ "name": "Light 6", "bone": "root", "attachment": "Light 6" }
],
"skins": [
	{
		"name": "default",
		"attachments": {
			"Glow": {
				"Glow": {
					"type": "mesh",
					"uvs": [ 0.85923, 0.22524, 0.93495, 0.60064, 0.71713, 0.89794, 0.2937, 0.92, 0.04816, 0.56144, 0.17886, 0.17616, 0.53149, 0.0539 ],
					"triangles": [ 6, 1, 4, 1, 6, 0, 4, 5, 6, 1, 2, 4, 3, 4, 2 ],
					"vertices": [ 90.17, 177.68, 108.87, 85.33, 55.07, 12.2, -49.52, 6.77, -110.16, 94.98, -77.88, 189.76, 9.22, 219.83 ],
					"hull": 7,
					"edges": [ 0, 12, 0, 2, 2, 4, 4, 6, 6, 8, 8, 10, 10, 12 ],
					"width": 247,
					"height": 246
				}
			},
			"Light 1": {
				"Light 1": {
					"type": "mesh",
					"uvs": [ 1, 0.45769, 1, 0.66191, 0.72467, 0.92173, 0.31791, 1, 0.25825, 1, 0.00103, 0.21721, 0.11504, 0.08183, 0.76582, 0.00112 ],
					"triangles": [ 0, 6, 7, 6, 0, 5, 1, 2, 0, 2, 5, 0, 3, 4, 5, 2, 3, 5 ],
					"vertices": [ 64.94, 124.85, 64.94, 97.07, 30.25, 61.74, -21, 51.09, -28.52, 51.09, -60.93, 157.55, -46.56, 175.96, 35.43, 186.94 ],
					"hull": 8,
					"edges": [ 0, 14, 0, 2, 2, 4, 4, 6, 6, 8, 8, 10, 10, 12, 12, 14 ],
					"width": 126,
					"height": 136
				}
			},
			"Light 2": {
				"Light 2": {
					"type": "mesh",
					"uvs": [ 0.99871, 0.70354, 0.93205, 0.87475, 0.31695, 0.99789, 0.00502, 0.73755, 0.10408, 0.16502, 0.8398, 2.2E-4 ],
					"triangles": [ 4, 5, 0, 3, 4, 0, 0, 2, 3, 1, 2, 0 ],
					"vertices": [ 58.8, 93.23, 51.26, 66.01, -18.24, 46.43, -53.49, 87.82, -42.3, 178.85, 40.84, 205.06 ],
					"hull": 6,
					"edges": [ 0, 10, 0, 2, 2, 4, 4, 6, 6, 8, 8, 10 ],
					"width": 113,
					"height": 159
				}
			},
			"Light 3": {
				"Light 3": {
					"type": "mesh",
					"uvs": [ 1, 1, 0, 1, 0, 0, 1, 0 ],
					"triangles": [ 1, 2, 3, 1, 3, 0 ],
					"vertices": [ 59.94, 34.09, -52.06, 34.09, -52.06, 203.09, 59.94, 203.09 ],
					"hull": 4,
					"edges": [ 0, 2, 2, 4, 4, 6, 0, 6 ],
					"width": 112,
					"height": 169
				}
			},
			"Light 4": {
				"Light 4": {
					"type": "mesh",
					"uvs": [ 0.75484, 0, 0.89742, 0.10312, 0.99449, 0.64538, 0.82148, 0.89262, 0.37751, 1, 0.24395, 1, 0.00628, 0.63064, 0.00975, 0.1429, 0.57835, 0 ],
					"triangles": [ 8, 1, 2, 1, 8, 0, 8, 6, 7, 2, 5, 6, 8, 2, 6, 2, 4, 5, 3, 4, 2 ],
					"vertices": [ 29.26, 207.09, 45.94, 190.08, 57.3, 100.6, 37.05, 59.81, -14.89, 42.09, -30.52, 42.09, -58.32, 103.04, -57.92, 183.51, 8.61, 207.09 ],
					"hull": 9,
					"edges": [ 0, 16, 0, 2, 2, 4, 4, 6, 6, 8, 8, 10, 10, 12, 12, 14, 14, 16 ],
					"width": 117,
					"height": 165
				}
			},
			"Light 5": {
				"Light 5": {
					"type": "mesh",
					"uvs": [ 0.49053, 0, 0.77933, 0.13641, 1, 0.59128, 1, 0.767, 0.65057, 1, 0.43658, 1, 0.0598, 0.78022, 0, 0.48891, 0, 0.25898, 0.34587, 0 ],
					"triangles": [ 0, 7, 8, 2, 6, 1, 1, 6, 7, 1, 7, 0, 9, 0, 8, 2, 4, 5, 2, 5, 6, 3, 4, 2 ],
					"vertices": [ -8.29, 205.09, 29.25, 184.08, 57.94, 114.03, 57.94, 86.97, 12.52, 51.09, -15.3, 51.09, -64.29, 84.94, -72.06, 129.8, -72.06, 165.21, -27.1, 205.09 ],
					"hull": 10,
					"edges": [ 0, 18, 0, 2, 2, 4, 4, 6, 6, 8, 8, 10, 10, 12, 12, 14, 14, 16, 16, 18 ],
					"width": 130,
					"height": 154
				}
			},
			"Light 6": {
				"Light 6": {
					"type": "mesh",
					"uvs": [ 0.58622, 0, 0.99981, 0.65748, 0.92998, 0.98738, 0.41222, 1, 0.32812, 1, 0, 0.80814, 0, 0.57152, 0.12378, 0.0972, 0.55302, 0 ],
					"triangles": [ 4, 5, 6, 1, 8, 0, 8, 6, 7, 6, 1, 4, 8, 1, 6, 1, 3, 4, 2, 3, 1 ],
					"vertices": [ 11.56, 196.09, 64.92, 100.76, 55.91, 52.92, -10.88, 51.09, -21.73, 51.09, -64.06, 78.91, -64.06, 113.22, -48.09, 182, 7.28, 196.09 ],
					"hull": 9,
					"edges": [ 0, 16, 0, 2, 2, 4, 4, 6, 6, 8, 8, 10, 10, 12, 12, 14, 14, 16 ],
					"width": 129,
					"height": 145
				}
			}
		}
	}
],
"animations": {
	"animation": {
		"slots": {
			"Glow": {
				"rgba": [
					{ "color": "ffffffff", "curve": "stepped" },
					{ "time": 0.6, "color": "ffffffff" }
				]
			},
			"Light 1": {
				"rgba": [
					{ "color": "ffffffff", "curve": "stepped" },
					{ "time": 0.1, "color": "ffffff00", "curve": "stepped" },
					{ "time": 0.2, "color": "ffffff00", "curve": "stepped" },
					{ "time": 0.3, "color": "ffffff00", "curve": "stepped" },
					{ "time": 0.4, "color": "ffffff00", "curve": "stepped" },
					{ "time": 0.5, "color": "ffffff00", "curve": "stepped" },
					{ "time": 0.6, "color": "ffffffff" }
				]
			},
			"Light 2": {
				"rgba": [
					{ "color": "ffffff00", "curve": "stepped" },
					{ "time": 0.1, "color": "ffffffff", "curve": "stepped" },
					{ "time": 0.2, "color": "ffffff00", "curve": "stepped" },
					{ "time": 0.3, "color": "ffffff00", "curve": "stepped" },
					{ "time": 0.4, "color": "ffffff00", "curve": "stepped" },
					{ "time": 0.5, "color": "ffffff00", "curve": "stepped" },
					{ "time": 0.6, "color": "ffffff00" }
				]
			},
			"Light 3": {
				"rgba": [
					{ "color": "ffffff00", "curve": "stepped" },
					{ "time": 0.2, "color": "ffffffff", "curve": "stepped" },
					{ "time": 0.3, "color": "ffffff00", "curve": "stepped" },
					{ "time": 0.4, "color": "ffffff00", "curve": "stepped" },
					{ "time": 0.5, "color": "ffffff00", "curve": "stepped" },
					{ "time": 0.6, "color": "ffffff00" }
				]
			},
			"Light 4": {
				"rgba": [
					{ "color": "ffffff00", "curve": "stepped" },
					{ "time": 0.2, "color": "ffffff00", "curve": "stepped" },
					{ "time": 0.3, "color": "ffffffff", "curve": "stepped" },
					{ "time": 0.4, "color": "ffffff00", "curve": "stepped" },
					{ "time": 0.5, "color": "ffffff00", "curve": "stepped" },
					{ "time": 0.6, "color": "ffffff00" }
				]
			},
			"Light 5": {
				"rgba": [
					{ "color": "ffffff00", "curve": "stepped" },
					{ "time": 0.2, "color": "ffffff00", "curve": "stepped" },
					{ "time": 0.3, "color": "ffffff00", "curve": "stepped" },
					{ "time": 0.4, "color": "ffffffff", "curve": "stepped" },
					{ "time": 0.5, "color": "ffffff00", "curve": "stepped" },
					{ "time": 0.6, "color": "ffffff00" }
				]
			},
			"Light 6": {
				"rgba": [
					{ "color": "ffffff00", "curve": "stepped" },
					{ "time": 0.2, "color": "ffffff00", "curve": "stepped" },
					{ "time": 0.3, "color": "ffffff00", "curve": "stepped" },
					{ "time": 0.4, "color": "ffffff00", "curve": "stepped" },
					{ "time": 0.5, "color": "ffffffff", "curve": "stepped" },
					{ "time": 0.6, "color": "ffffff00" }
				]
			}
		}
	}
}
}