{"camera":{"position":[0.0,0.0],"target_position":[0.0,0.0],"min_bound":[-10000.0,-10000.0],"max_bound":[10000.0,10000.0],"zoom":1.0000007152557373,"target_zoom":1.0000007152557373},"world":[{"name":"art/other/splashscreenrenderV3.png","version":2,"alive":true,"components":[{"RenderComponent":{"texture_path":"art/other/splashscreenrenderV3.png","mesh_path":"__builtin_standard_square","tint":[1.0,1.0,1.0,1.0],"intensity":1.0,"visible":true,"isScreenSpace":false}},{"TransformComponent":{"position":[0.0,0.0],"layer_z":2.0199999809265137,"scale":[961.64501953125,540.0],"rotation":0.0}}]},{"name":"art/ui/CC_Header.png(1)","version":2,"alive":true,"components":[{"RenderComponent":{"texture_path":"art/ui/CC_Header.png","mesh_path":"__builtin_standard_square","tint":[1.0,1.0,1.0,1.0],"intensity":1.0,"visible":true,"isScreenSpace":false}},{"TransformComponent":{"position":[0.0,72.31222534179688],"layer_z":1.9980000257492065,"scale":[438.0,66.0],"rotation":0.0}}]},{"name":"art/ui/Exit.png","version":1,"alive":true,"components":[{"RenderComponent":{"texture_path":"art/ui/Main_Exit.png","mesh_path":"__builtin_standard_square","tint":[1.0,1.0,1.0,1.0],"intensity":1.0,"visible":true,"isScreenSpace":false}},{"TransformComponent":{"position":[346.9999694824219,-75.99998474121094],"layer_z":2.0,"scale":[212.0,70.66667175292969],"rotation":0.0}}]},{"name":"art/ui/NewGame.png","version":1,"alive":true,"components":[{"RenderComponent":{"texture_path":"art/ui/Main_Play.png","mesh_path":"__builtin_standard_square","tint":[1.0,1.0,1.0,1.0],"intensity":1.0,"visible":true,"isScreenSpace":false}},{"TransformComponent":{"position":[346.0,54.999961853027344],"layer_z":2.0,"scale":[212.0,70.66666412353516],"rotation":0.0}}]},{"name":"art/ui/CC_Yes.png","version":4,"alive":true,"components":[{"RenderComponent":{"texture_path":"art/ui/CC_No.png","mesh_path":"__builtin_standard_square","tint":[1.0,1.0,1.0,1.0],"intensity":1.0,"visible":true,"isScreenSpace":false}},{"TransformComponent":{"position":[177.4810028076172,-70.64378356933594],"layer_z":1.9980000257492065,"scale":[141.0,82.70671081542969],"rotation":0.0}},{"UIComponent":{"on_mouse_enter":"change texture","on_mouse_enter_params":"{\"texture_path\":\"art/ui/CC_No_S.png\"}","on_mouse_stay":"","on_mouse_stay_params":"","on_mouse_click":"go to main menu","on_mouse_click_params":"","on_mouse_exit":"change texture","on_mouse_exit_params":"{\"texture_path\":\"art/ui/CC_No.png\"}","menuType":10,"active":true}}]},{"name":"art/other/splashscreenrenderV3.png(2)","version":2,"alive":true,"components":[{"RenderComponent":{"texture_path":"art/ui/CC_Background.png","mesh_path":"__builtin_standard_square","tint":[1.0,1.0,1.0,0.5882353186607361],"intensity":1.0,"visible":true,"isScreenSpace":false}},{"TransformComponent":{"position":[0.0,0.0],"layer_z":1.9989999532699585,"scale":[973.9430541992188,546.9058227539063],"rotation":0.0}}]},{"name":"art/ui/CC_Yes.png(1)","version":2,"alive":true,"components":[{"RenderComponent":{"texture_path":"art/ui/CC_Yes.png","mesh_path":"__builtin_standard_square","tint":[1.0,1.0,1.0,1.0],"intensity":1.0,"visible":true,"isScreenSpace":false}},{"TransformComponent":{"position":[-163.51898193359375,-70.64378356933594],"layer_z":1.9980000257492065,"scale":[141.0,82.70671081542969],"rotation":0.0}},{"UIComponent":{"on_mouse_enter":"change texture","on_mouse_enter_params":"{\"texture_path\":\"art/ui/CC_Yes_S.png\"}","on_mouse_stay":"","on_mouse_stay_params":"","on_mouse_click":"exit game","on_mouse_click_params":"","on_mouse_exit":"change texture","on_mouse_exit_params":"{\"texture_path\":\"art/ui/CC_Yes.png\"}","menuType":10,"active":true}}]},{"name":"art/other/SB_Menu_GameLogo01_v2.png","version":1,"alive":true,"components":[{"RenderComponent":{"texture_path":"art/other/SB_Menu_GameLogo01_v2.png","mesh_path":"__builtin_standard_square","tint":[1.0,1.0,1.0,1.0],"intensity":1.0,"visible":true,"isScreenSpace":false}},{"TransformComponent":{"position":[346.0,352.0],"layer_z":2.0,"scale":[494.9519958496094,90.3290023803711],"rotation":0.0}}]}],"emptyIndices":[]}