{
    "camera":
    {
        "position":
        [
            0.0,
            0.0
        ],
        "target_position":
        [
            0.0,
            0.0
        ],
        "screen_size":
        [
            1280.0,
            720.0
        ],
        "zoom": 0.5
    },
    "world": [
        {
            "version": 1,
            "alive": true,
            "components": [
                {
                    "RenderComponent": {
                        "texture_path": "env/CO_Enviornments_Parallax_v9.png",
                        "mesh_path": "__builtin_standard_square"
                    }
                },
                {
                    "TransformComponent": {
                        "position": [
                            0.0,
                            -789.6959838867188
                        ],
                        "layer_z": 100.0,
                        "scale": [
                            1920.0,
                            319.3343811035156
                        ]
                    }
                }
            ]
        },
        {
            "version": 1,
            "alive": true,
            "components": [
                {
                    "RenderComponent": {
                        "texture_path": "env/CO_Enviornments_Parallax_v8.png",
                        "mesh_path": "__builtin_standard_square"
                    }
                },
                {
                    "TransformComponent": {
                        "position": [
                            0.0,
                            219.45599365234375
                        ],
                        "layer_z": 59.031982421875,
                        "scale": [
                            1920.0,
                            946.5984497070313
                        ]
                    }
                }
            ]
        },
        {
            "version": 1,
            "alive": true,
            "components": [
                {
                    "RenderComponent": {
                        "texture_path": "env/CO_Enviornments_Parallax_v7.png",
                        "mesh_path": "__builtin_standard_square"
                    }
                },
                {
                    "TransformComponent": {
                        "position": [
                            0.0,
                            0.0
                        ],
                        "layer_z": 32.32421875,
                        "scale": [
                            1920.0,
                            782.17919921875
                        ]
                    }
                }
            ]
        },
        {
            "version": 1,
            "alive": true,
            "components": [
                {
                    "RenderComponent": {
                        "texture_path": "env/CO_Enviornments_Parallax_v6.png",
                        "mesh_path": "__builtin_standard_square"
                    }
                },
                {
                    "TransformComponent": {
                        "position": [
                            0.0,
                            -436.463623046875
                        ],
                        "layer_z": 16.106201171875,
                        "scale": [
                            1920.0,
                            707.8901977539063
                        ]
                    }
                }
            ]
        },
        {
            "version": 1,
            "alive": true,
            "components": [
                {
                    "RenderComponent": {
                        "texture_path": "env/CO_Enviornments_Parallax_v5.png",
                        "mesh_path": "__builtin_standard_square"
                    }
                },
                {
                    "TransformComponent": {
                        "position": [
                            0.0,
                            -426.22418212890625
                        ],
                        "layer_z": 7.1875,
                        "scale": [
                            1920.0,
                            719.1529541015625
                        ]
                    }
                }
            ]
        },
        {
            "version": 1,
            "alive": true,
            "components": [
                {
                    "RenderComponent": {
                        "texture_path": "env/CO_Enviornments_Parallax_v4.png",
                        "mesh_path": "__builtin_standard_square"
                    }
                },
                {
                    "TransformComponent": {
                        "position": [
                            0.0,
                            163.72799682617188
                        ],
                        "layer_z": 2.957763671875,
                        "scale": [
                            1920.0,
                            1007.8992309570313
                        ]
                    }
                }
            ]
        },
        {
            "version": 1,
            "alive": true,
            "components": [
                {
                    "RenderComponent": {
                        "texture_path": "env/CO_Enviornments_Parallax_v3.png",
                        "mesh_path": "__builtin_standard_square"
                    }
                },
                {
                    "TransformComponent": {
                        "position": [
                            0.0,
                            -5.616032123565674
                        ],
                        "layer_z": 1.38671875,
                        "scale": [
                            1920.0,
                            1181.8223876953125
                        ]
                    }
                }
            ]
        },
        {
            "version": 1,
            "alive": true,
            "components": [
                {
                    "RenderComponent": {
                        "texture_path": "env/CO_Enviornments_Parallax_v2.png",
                        "mesh_path": "__builtin_standard_square"
                    }
                },
                {
                    "TransformComponent": {
                        "position": [
                            0.0,
                            -948.6720581054688
                        ],
                        "layer_z": 1.024169921875,
                        "scale": [
                            1920.0,
                            144.46080017089844
                        ]
                    }
                }
            ]
        },
        {
            "version": 1,
            "alive": true,
            "components": [
                {
                    "RenderComponent": {
                        "texture_path": "env/CO_Enviornments_Parallax_v1.png",
                        "mesh_path": "__builtin_standard_square"
                    }
                },
                {
                    "TransformComponent": {
                        "position": [
                            0.0,
                            -50.33804702758789
                        ],
                        "layer_z": 1.0,
                        "scale": [
                            1920.0,
                            1132.628173828125
                        ]
                    }
                }
            ]
        },
        {
            "version": 1,
            "alive": true,
            "components": [
                {
                    "RenderComponent": {
                        "texture_path": "env/CO_Enviornments_Parallax_v9.png",
                        "mesh_path": "__builtin_standard_square"
                    }
                },
                {
                    "TransformComponent": {
                        "position": [
                            3840.0,
                            -789.6959838867188
                        ],
                        "layer_z": 100.0,
                        "scale": [
                            -1920.0,
                            319.3343811035156
                        ]
                    }
                }
            ]
        },
        {
            "version": 1,
            "alive": true,
            "components": [
                {
                    "RenderComponent": {
                        "texture_path": "env/CO_Enviornments_Parallax_v8.png",
                        "mesh_path": "__builtin_standard_square"
                    }
                },
                {
                    "TransformComponent": {
                        "position": [
                            3840.0,
                            219.45599365234375
                        ],
                        "layer_z": 59.031982421875,
                        "scale": [
                            -1920.0,
                            946.5984497070313
                        ]
                    }
                }
            ]
        },
        {
            "version": 1,
            "alive": true,
            "components": [
                {
                    "RenderComponent": {
                        "texture_path": "env/CO_Enviornments_Parallax_v7.png",
                        "mesh_path": "__builtin_standard_square"
                    }
                },
                {
                    "TransformComponent": {
                        "position": [
                            3840.0,
                            0.0
                        ],
                        "layer_z": 32.32421875,
                        "scale": [
                            -1920.0,
                            782.17919921875
                        ]
                    }
                }
            ]
        },
        {
            "version": 1,
            "alive": true,
            "components": [
                {
                    "RenderComponent": {
                        "texture_path": "env/CO_Enviornments_Parallax_v6.png",
                        "mesh_path": "__builtin_standard_square"
                    }
                },
                {
                    "TransformComponent": {
                        "position": [
                            3840.0,
                            -436.463623046875
                        ],
                        "layer_z": 16.106201171875,
                        "scale": [
                            -1920.0,
                            707.8901977539063
                        ]
                    }
                }
            ]
        },
        {
            "version": 1,
            "alive": true,
            "components": [
                {
                    "RenderComponent": {
                        "texture_path": "env/CO_Enviornments_Parallax_v5.png",
                        "mesh_path": "__builtin_standard_square"
                    }
                },
                {
                    "TransformComponent": {
                        "position": [
                            3840.0,
                            -426.22418212890625
                        ],
                        "layer_z": 7.1875,
                        "scale": [
                            -1920.0,
                            719.1529541015625
                        ]
                    }
                }
            ]
        },
        {
            "version": 1,
            "alive": true,
            "components": [
                {
                    "RenderComponent": {
                        "texture_path": "env/CO_Enviornments_Parallax_v4.png",
                        "mesh_path": "__builtin_standard_square"
                    }
                },
                {
                    "TransformComponent": {
                        "position": [
                            3840.0,
                            163.72799682617188
                        ],
                        "layer_z": 2.957763671875,
                        "scale": [
                            -1920.0,
                            1007.8992309570313
                        ]
                    }
                }
            ]
        },
        {
            "version": 1,
            "alive": true,
            "components": [
                {
                    "RenderComponent": {
                        "texture_path": "env/CO_Enviornments_Parallax_v3.png",
                        "mesh_path": "__builtin_standard_square"
                    }
                },
                {
                    "TransformComponent": {
                        "position": [
                            3840.0,
                            -5.616032123565674
                        ],
                        "layer_z": 1.38671875,
                        "scale": [
                            -1920.0,
                            1181.8223876953125
                        ]
                    }
                }
            ]
        },
        {
            "version": 1,
            "alive": true,
            "components": [
                {
                    "RenderComponent": {
                        "texture_path": "env/CO_Enviornments_Parallax_v2.png",
                        "mesh_path": "__builtin_standard_square"
                    }
                },
                {
                    "TransformComponent": {
                        "position": [
                            3840.0,
                            -948.6720581054688
                        ],
                        "layer_z": 1.024169921875,
                        "scale": [
                            -1920.0,
                            144.46080017089844
                        ]
                    }
                }
            ]
        },
        {
            "version": 1,
            "alive": true,
            "components": [
                {
                    "RenderComponent": {
                        "texture_path": "env/CO_Enviornments_Parallax_v1.png",
                        "mesh_path": "__builtin_standard_square"
                    }
                },
                {
                    "TransformComponent": {
                        "position": [
                            3840.0,
                            -50.33804702758789
                        ],
                        "layer_z": 1.0,
                        "scale": [
                            -1920.0,
                            1132.628173828125
                        ]
                    }
                }
            ]
        },
        {
            "version": 1,
            "alive": true,
            "components": [
                {
                    "RenderComponent": {
                        "texture_path": "env/CO_Enviornments_Parallax_v9.png",
                        "mesh_path": "__builtin_standard_square"
                    }
                },
                {
                    "TransformComponent": {
                        "position": [
                            7680.0,
                            -789.6959838867188
                        ],
                        "layer_z": 100.0,
                        "scale": [
                            1920.0,
                            319.3343811035156
                        ]
                    }
                }
            ]
        },
        {
            "version": 1,
            "alive": true,
            "components": [
                {
                    "RenderComponent": {
                        "texture_path": "env/CO_Enviornments_Parallax_v8.png",
                        "mesh_path": "__builtin_standard_square"
                    }
                },
                {
                    "TransformComponent": {
                        "position": [
                            7680.0,
                            219.45599365234375
                        ],
                        "layer_z": 59.031982421875,
                        "scale": [
                            1920.0,
                            946.5984497070313
                        ]
                    }
                }
            ]
        },
        {
            "version": 1,
            "alive": true,
            "components": [
                {
                    "RenderComponent": {
                        "texture_path": "env/CO_Enviornments_Parallax_v7.png",
                        "mesh_path": "__builtin_standard_square"
                    }
                },
                {
                    "TransformComponent": {
                        "position": [
                            7680.0,
                            0.0
                        ],
                        "layer_z": 32.32421875,
                        "scale": [
                            1920.0,
                            782.17919921875
                        ]
                    }
                }
            ]
        },
        {
            "version": 1,
            "alive": true,
            "components": [
                {
                    "RenderComponent": {
                        "texture_path": "env/CO_Enviornments_Parallax_v6.png",
                        "mesh_path": "__builtin_standard_square"
                    }
                },
                {
                    "TransformComponent": {
                        "position": [
                            7680.0,
                            -436.463623046875
                        ],
                        "layer_z": 16.106201171875,
                        "scale": [
                            1920.0,
                            707.8901977539063
                        ]
                    }
                }
            ]
        },
        {
            "version": 1,
            "alive": true,
            "components": [
                {
                    "RenderComponent": {
                        "texture_path": "env/CO_Enviornments_Parallax_v5.png",
                        "mesh_path": "__builtin_standard_square"
                    }
                },
                {
                    "TransformComponent": {
                        "position": [
                            7680.0,
                            -426.22418212890625
                        ],
                        "layer_z": 7.1875,
                        "scale": [
                            1920.0,
                            719.1529541015625
                        ]
                    }
                }
            ]
        },
        {
            "version": 1,
            "alive": true,
            "components": [
                {
                    "RenderComponent": {
                        "texture_path": "env/CO_Enviornments_Parallax_v4.png",
                        "mesh_path": "__builtin_standard_square"
                    }
                },
                {
                    "TransformComponent": {
                        "position": [
                            7680.0,
                            163.72799682617188
                        ],
                        "layer_z": 2.957763671875,
                        "scale": [
                            1920.0,
                            1007.8992309570313
                        ]
                    }
                }
            ]
        },
        {
            "version": 1,
            "alive": true,
            "components": [
                {
                    "RenderComponent": {
                        "texture_path": "env/CO_Enviornments_Parallax_v3.png",
                        "mesh_path": "__builtin_standard_square"
                    }
                },
                {
                    "TransformComponent": {
                        "position": [
                            7680.0,
                            -5.616032123565674
                        ],
                        "layer_z": 1.38671875,
                        "scale": [
                            1920.0,
                            1181.8223876953125
                        ]
                    }
                }
            ]
        },
        {
            "version": 1,
            "alive": true,
            "components": [
                {
                    "RenderComponent": {
                        "texture_path": "env/CO_Enviornments_Parallax_v2.png",
                        "mesh_path": "__builtin_standard_square"
                    }
                },
                {
                    "TransformComponent": {
                        "position": [
                            7680.0,
                            -948.6720581054688
                        ],
                        "layer_z": 1.024169921875,
                        "scale": [
                            1920.0,
                            144.46080017089844
                        ]
                    }
                }
            ]
        },
        {
            "version": 1,
            "alive": true,
            "components": [
                {
                    "RenderComponent": {
                        "texture_path": "env/CO_Enviornments_Parallax_v1.png",
                        "mesh_path": "__builtin_standard_square"
                    }
                },
                {
                    "TransformComponent": {
                        "position": [
                            7680.0,
                            -50.33804702758789
                        ],
                        "layer_z": 1.0,
                        "scale": [
                            1920.0,
                            1132.628173828125
                        ]
                    }
                }
            ]
        },
        {
            "version": 1,
            "alive": true,
            "components": [
                {
                    "RenderComponent": {
                        "texture_path": "env/CO_Enviornments_Parallax_v9.png",
                        "mesh_path": "__builtin_standard_square"
                    }
                },
                {
                    "TransformComponent": {
                        "position": [
                            11520.0,
                            -789.6959838867188
                        ],
                        "layer_z": 100.0,
                        "scale": [
                            -1920.0,
                            319.3343811035156
                        ]
                    }
                }
            ]
        },
        {
            "version": 1,
            "alive": true,
            "components": [
                {
                    "RenderComponent": {
                        "texture_path": "env/CO_Enviornments_Parallax_v8.png",
                        "mesh_path": "__builtin_standard_square"
                    }
                },
                {
                    "TransformComponent": {
                        "position": [
                            11520.0,
                            219.45599365234375
                        ],
                        "layer_z": 59.031982421875,
                        "scale": [
                            -1920.0,
                            946.5984497070313
                        ]
                    }
                }
            ]
        },
        {
            "version": 1,
            "alive": true,
            "components": [
                {
                    "RenderComponent": {
                        "texture_path": "env/CO_Enviornments_Parallax_v7.png",
                        "mesh_path": "__builtin_standard_square"
                    }
                },
                {
                    "TransformComponent": {
                        "position": [
                            11520.0,
                            0.0
                        ],
                        "layer_z": 32.32421875,
                        "scale": [
                            -1920.0,
                            782.17919921875
                        ]
                    }
                }
            ]
        },
        {
            "version": 1,
            "alive": true,
            "components": [
                {
                    "RenderComponent": {
                        "texture_path": "env/CO_Enviornments_Parallax_v6.png",
                        "mesh_path": "__builtin_standard_square"
                    }
                },
                {
                    "TransformComponent": {
                        "position": [
                            11520.0,
                            -436.463623046875
                        ],
                        "layer_z": 16.106201171875,
                        "scale": [
                            -1920.0,
                            707.8901977539063
                        ]
                    }
                }
            ]
        },
        {
            "version": 1,
            "alive": true,
            "components": [
                {
                    "RenderComponent": {
                        "texture_path": "env/CO_Enviornments_Parallax_v5.png",
                        "mesh_path": "__builtin_standard_square"
                    }
                },
                {
                    "TransformComponent": {
                        "position": [
                            11520.0,
                            -426.22418212890625
                        ],
                        "layer_z": 7.1875,
                        "scale": [
                            -1920.0,
                            719.1529541015625
                        ]
                    }
                }
            ]
        },
        {
            "version": 1,
            "alive": true,
            "components": [
                {
                    "RenderComponent": {
                        "texture_path": "env/CO_Enviornments_Parallax_v4.png",
                        "mesh_path": "__builtin_standard_square"
                    }
                },
                {
                    "TransformComponent": {
                        "position": [
                            11520.0,
                            163.72799682617188
                        ],
                        "layer_z": 2.957763671875,
                        "scale": [
                            -1920.0,
                            1007.8992309570313
                        ]
                    }
                }
            ]
        },
        {
            "version": 1,
            "alive": true,
            "components": [
                {
                    "RenderComponent": {
                        "texture_path": "env/CO_Enviornments_Parallax_v3.png",
                        "mesh_path": "__builtin_standard_square"
                    }
                },
                {
                    "TransformComponent": {
                        "position": [
                            11520.0,
                            -5.616032123565674
                        ],
                        "layer_z": 1.38671875,
                        "scale": [
                            -1920.0,
                            1181.8223876953125
                        ]
                    }
                }
            ]
        },
        {
            "version": 1,
            "alive": true,
            "components": [
                {
                    "RenderComponent": {
                        "texture_path": "env/CO_Enviornments_Parallax_v2.png",
                        "mesh_path": "__builtin_standard_square"
                    }
                },
                {
                    "TransformComponent": {
                        "position": [
                            11520.0,
                            -948.6720581054688
                        ],
                        "layer_z": 1.024169921875,
                        "scale": [
                            -1920.0,
                            144.46080017089844
                        ]
                    }
                }
            ]
        },
        {
            "version": 1,
            "alive": true,
            "components": [
                {
                    "RenderComponent": {
                        "texture_path": "env/CO_Enviornments_Parallax_v1.png",
                        "mesh_path": "__builtin_standard_square"
                    }
                },
                {
                    "TransformComponent": {
                        "position": [
                            11520.0,
                            -50.33804702758789
                        ],
                        "layer_z": 1.0,
                        "scale": [
                            -1920.0,
                            1132.628173828125
                        ]
                    }
                }
            ]
        },
        {
            "name": "Light Ball",
            "version": 1,
            "alive": true,
            "components": [
                {
                    "RenderComponent": {
                        "texture_path": "character/sb_character_flameball01.png",
                        "mesh_path": "__builtin_standard_square"
                    }
                },
                {
                    "TransformComponent": {
                        "position": [
                            -0.5,
                            0.10000000149011612
                        ],
                        "layer_z": 1.80,
                        "scale": [
                            210.0,
                            161.0
                        ]
                    }
                },
                {
                    "PhysicsComponent": {
                        "velocity": [
                            0.0,
                            0.0
                        ],
                        "acceleration": [
                            0.0,
                            0.0
                        ],
                        "force": [
                            0.0,
                            0.0
                        ],
                        "mass": 1.0,
                        "coeff_friction": 0.10000000149011612
                    }
                },
                
                {
                    "PlayerComponent": {}
                },
                {
                    "CircleComponent": {
                        "circle": [
                            0.10000000149011612,
                            -0.5,
                            0.10000000149011612
                        ]
                    }
                }
            ]
        },
        {
            "name": "Deer 1",
            "version": 1,
            "alive": true,
            "components": [
                {
                    "TransformComponent": {
                        "position": [
                            0.0,
                            0.0
                        ],
                        "layer_z": 1.80,
                        "scale": [
                            -0.25,
                            -0.25
                        ]
                    }
                },
                {
                    "SkinnedRenderComponent": {
                        "atlas_file_path": "assets\\spine\\SB_Character_DeerSpineCutout01_v1.atlas",
                        "json_file_path": "assets\\spine\\SB_Character_DeerSpineCutout01_v1.json",
                        "scale": 1.0,
                        "currAnimation": "Run"
                    }
                },
                {
                    "PhysicsComponent": {
                        "velocity": [
                            0.0,
                            0.0
                        ],
                        "acceleration": [
                            0.0,
                            0.0
                        ],
                        "force": [
                            0.0,
                            0.0
                        ],
                        "mass": 1.0,
                        "coeff_friction": 0.10000000149011612
                    }
                },
                {
                    "CircleComponent": {
                        "circle": [
                            0.07500000298023224,
                            0.5,
                            -0.30000001192092896
                        ]
                    }
                }
            ]
        },
        {
            "name": "Deer 2",
            "version": 1,
            "alive": true,
            "components": [
                {
                    "TransformComponent": {
                        "position": [
                            900.0,
                            0.0
                        ],
                        "layer_z": 1.80,
                        "scale": [
                            -0.25,
                            -0.25
                        ]
                    }
                },
                {
                    "SkinnedRenderComponent": {
                        "atlas_file_path": "assets\\spine\\SB_Character_DeerSpineCutout01_v1.atlas",
                        "json_file_path": "assets\\spine\\SB_Character_DeerSpineCutout01_v1.json",
                        "scale": 1.0,
                        "currAnimation": "Run"
                    }
                },
                {
                    "PhysicsComponent": {
                        "velocity": [
                            0.0,
                            0.0
                        ],
                        "acceleration": [
                            0.0,
                            0.0
                        ],
                        "force": [
                            0.0,
                            0.0
                        ],
                        "mass": 1.0,
                        "coeff_friction": 0.10000000149011612
                    }
                },
                {
                    "CircleComponent": {
                        "circle": [
                            0.1,
                            900.0,
                            0.0
                        ]
                    }
                }
            ]
        },
        {
            "name": "Ground 01",
            "version": 1,
            "alive": true,
            "components": [
                {
                    "RenderComponent": {
                        "texture_path": "env/CO_Enviornments_Parallax_v9.png",
                        "mesh_path": "__builtin_standard_square"
                    }
                },
                {
                    "TransformComponent": {
                        "position": [
                            0.0,
                            -500.0
                        ],
                        "layer_z": 1.80,
                        "scale": [
                            100000.0,
                            148.8095245361328
                        ]
                    }
                },
                {
                    "PhysicsComponent": {
                        "velocity": [
                            0.0,
                            0.0
                        ],
                        "acceleration": [
                            0.0,
                            0.0
                        ],
                        "force": [
                            0.0,
                            0.0
                        ],
                        "mass": -1.0,
                        "coeff_friction": 0.10000000149011612
                    }
                },
                {
                    "AABBComponent": {
                        "box": [
                            100000.0,
                            148.8095245361328
                        ]
                    }
                }
            ]
        }
    ],
    "emptyIndices": []
}