{"camera":{"position":[0.0,0.0],"target_position":[0.0,0.0],"screen_size":[1280.0,720.0],"min_bound":[-10000.0,-10000.0],"max_bound":[10000.0,10000.0],"zoom":1.0,"target_zoom":1.0},"world":[{"name":"splash_background","version":1,"alive":false,"components":[]},{"name":"Entity 1.2","version":2,"alive":true,"components":[{"TransformComponent":{"position":[-793.5001220703125,-368.99993896484375],"layer_z":1.0,"scale":[-93.53471374511719,103.5],"rotation":0.0}},{"SkinnedRenderComponent":{"atlas_file_path":"art/character/Deer/SB_Character_DeerSpineCutout01_v1.atlas","json_file_path":"art/character/Deer/SB_Character_DeerSpineCutout01_v1.json","scale":1.0,"currAnimation":"Walk","max_dimension":2952.340087890625,"atlas_width":2668.080078125,"atlas_height":2952.340087890625,"width":-93.53471374511719,"height":103.5,"initial_target":200,"tint":[1.0,1.0,1.0,1.0],"intensity":1.0}},{"AnimalComponent":{"animalType":1}}]}],"emptyIndices":[0]}