{
    "camera":
    {
        "position":[0.0,0.0],
        "target_position":[0.0,0.0],
        "screen_size":[1280.0,720.0],
        "min_bound":[-10000.0,-10000.0],
        "max_bound":[10000.0,10000.0],
        "zoom":1.0
    },
    "world":[
        {
            "name":"art/other/splashscreenrenderV3.png",
            "version":2,
            "alive":true,
            "components":[
            {
                "RenderComponent":
                {
                    "texture_path":"art/pause menu test/background.png",
                    "mesh_path":"__builtin_standard_square"
                }
            },
            {
                "TransformComponent":
                {
                    "position":[0.0,0.0],
                    "layer_z":2.000999927520752,
                    "scale":[1085.6453857421875,540.0],
                    "rotation":0.0
                }
            }
        ]
            },
            {
                "name":"Empty Entity(0)",
                "version":1,
                "alive":false,
                "components":[]
            },
            {
                "name":"art/pause menu test/settings.png",
                "version":1,
                "alive":true,
                "components":[{
                    "RenderComponent":
                    {
                        "texture_path":"art/pause menu test/settings.png",
                        "mesh_path":"__builtin_standard_square"
                    },
                    "TransformComponent":
                    {
                        "position":[350.0,-140.0],
                        "layer_z":2.0,
                        "scale":[220.0,73.33333587646484],
                        "rotation":0.0
                    }
                    },
                    {
                        "UIComponent":
                        {
                            "on_mouse_enter":"change texture",
                            "on_mouse_enter_params":"{\"texture_path\":\"art/pause menu test/selected.png\"}",
                            "on_mouse_stay":"",
                            "on_mouse_stay_params":"",
                            "on_mouse_click":"exit game",
                            "on_mouse_click_params":"",
                            "on_mouse_exit":"change texture",
                            "on_mouse_exit_params":"{\"texture_path\":\"art/pause menu test/settings.png\"}"
                        }
                    }]
            },
            {
                "name":"art/pause menu test/help.png",
                "version":1,
                "alive":true,
                "components":[{
                    "RenderComponent":
                    {
                        "texture_path":"art/pause menu test/help.png",
                        "mesh_path":"__builtin_standard_square"
                    },
                    "TransformComponent":
                    {
                        "position":[350.0,-200.0],
                        "layer_z":2.0,
                        "scale":[220.0,73.33333587646484],
                        "rotation":0.0
                    }
                    },
                    {
                        "UIComponent":
                        {
                            "on_mouse_enter":"change texture",
                            "on_mouse_enter_params":"{\"art/pause menu test/selected.png\"}",
                            "on_mouse_stay":"",
                            "on_mouse_stay_params":"",
                            "on_mouse_click":"exit game",
                            "on_mouse_click_params":"",
                            "on_mouse_exit":"change texture",
                            "on_mouse_exit_params":"{\"texture_path\":\"art/pause menu test/help.png\"}"
                        }
                    }]
            },
            {
                "name":"art/pause menu test/main menu.png",
                "version":1,
                "alive":true,
                "components":[{
                    "RenderComponent":
                    {
                        "texture_path":"art/pause menu test/main menu.png",
                        "mesh_path":"__builtin_standard_square"
                    },
                    "TransformComponent":
                    {
                        "position":[350.0,-280.0],
                        "layer_z":2.0,
                        "scale":[220.0,73.33333587646484],
                        "rotation":0.0
                    }
                    },
                    {
                        "UIComponent":
                        {
                            "on_mouse_enter":"change texture",
                            "on_mouse_enter_params":"{\"art/pause menu test/selected.png\"}",
                            "on_mouse_stay":"",
                            "on_mouse_stay_params":"",
                            "on_mouse_click":"exit game",
                            "on_mouse_click_params":"",
                            "on_mouse_exit":"change texture",
                            "on_mouse_exit_params":"{\"texture_path\":\"art/pause menu test/main menu.png\"}"
                        }
                    }]
            },
            {
                "name":"art/pause menu test/desktop.png",
                "version":1,
                "alive":true,
                "components":[{
                    "RenderComponent":
                    {
                        "texture_path":"art/pause menu test/desktop.png",
                        "mesh_path":"__builtin_standard_square"
                    },
                    "TransformComponent":
                    {
                        "position":[350.0,-360.0],
                        "layer_z":2.0,
                        "scale":[220.0,73.33333587646484],
                        "rotation":0.0
                    }
                    },
                    {
                        "UIComponent":
                        {
                            "on_mouse_enter":"change texture",
                            "on_mouse_enter_params":"{\"art/pause menu test/selected.png\"}",
                            "on_mouse_stay":"",
                            "on_mouse_stay_params":"",
                            "on_mouse_click":"exit game",
                            "on_mouse_click_params":"",
                            "on_mouse_exit":"change texture",
                            "on_mouse_exit_params":"{\"texture_path\":\"art/pause menu test/desktop.png\"}"
                        }
                    }]
            }
        ],
        "emptyIndices": []
    }
        
                            
                            
