{"camera":{"position":[0,0],"target_position":[0,0],"screen_size":[1280.0,720.0],"min_bound":[-10000.0,-10000.0],"max_bound":[10000.0,10000.0],"zoom":1.0,"target_zoom":1.0},"world":[{"name":"art/logos/DigiPen_RGB_White.png","version":3,"alive":true,"components":[{"RenderComponent":{"texture_path":"art/logos/DigiPen_RGB_White.png","mesh_path":"__builtin_standard_square","tint":[1.0,1.0,1.0,1.0]}},{"TransformComponent":{"position":[0.0,0.0],"layer_z":2.0,"scale":[579.0440063476563,139.2462921142578],"rotation":0.0}},{"TriggerVolumeComponent":{"onEnter":"","onEnterParams":"","onStay":"DigiPen splash logo","onStayParams":"","onExit":"","onExitParams":"","targetEntityName":"splash_player"}}]},{"name":"Empty Entity(0)","version":1,"alive":false,"components":[]},{"name":"splash_player","version":2,"alive":true,"components":[{"TransformComponent":{"position":[0.0,0.0],"layer_z":2.0,"scale":[298.0,292.0],"rotation":0.0}}]},{"name":"art/ui/NewGame.png","version":1,"alive":false,"components":[]},{"name":"art/ui/OptionsText.png","version":1,"alive":false,"components":[]},{"name":"art/logos/FMOD Logo White - Black Background.png","version":3,"alive":true,"components":[{"RenderComponent":{"texture_path":"art/logos/FMOD Logo White - Black Background.png","mesh_path":"__builtin_standard_square","tint":[1.0,1.0,1.0,0.0]}},{"TransformComponent":{"position":[0.0,0.0],"layer_z":2.0,"scale":[340.5,89.80215454101563],"rotation":0.0}},{"TriggerVolumeComponent":{"onEnter":"","onEnterParams":"","onStay":"FMOD splash logo","onStayParams":"","onExit":"","onExitParams":"","targetEntityName":"splash_player"}}]},{"name":"skip_handler","version":2,"alive":true,"components":[{"TransformComponent":{"position":[0.0,0.0],"layer_z":2.0,"scale":[298.0,292.0],"rotation":0.0}},{"TriggerVolumeComponent":{"onEnter":"","onEnterParams":"","onStay":"Splash skip handler","onStayParams":"","onExit":"","onExitParams":"","targetEntityName":"splash_player"}}]},{"name":"art/other/SB_Menu_GameLogo01_v2.png","version":1,"alive":false,"components":[]}],"emptyIndices":[4,3,7,1]}