{
    "camera":
    {
        "position":
        [
            0.0,
            0.0
        ],
        "target_position":
        [
            0.0,
            0.0
        ],
        "screen_size":
        [
            1280.0,
            720.0
        ],
        "zoom": 1.0
    },
    "world":
    [
        {
            "name": "ui/LVLClear.png",
            "version": 1,
            "alive": true,
            "components":
            [
                {
                    "RenderComponent":
                    {
                        "texture_path": "art/other/SB_Menu_VictoryScreen01_v1.png",
                        "mesh_path": "__builtin_standard_square"
                    }
                },
                {
                    "TransformComponent":
                    {
                        "position":
                        [
                            0.0,
                            0.0
                        ],
                        "layer_z": 1.0,
                        "scale":
                        [
                            960.0,
                            540.0
                        ],
                        "rotation": 0.0
                    }
                }
            ]
        }
    ],
    "emptyIndices":
    []
}