{
    "camera":
    {
        "position":
        [
            0.9999998807907104,
            399.4525146484375
        ],
        "target_position":
        [
            1.0,
            399.482666015625
        ],
        "screen_size":
        [
            1280.0,
            720.0
        ],
        "zoom": 0.7
    },
    "world": [
        {
            "version": 1,
            "alive": true,
            "components": [
                {
                    "RenderComponent": {
                        "texture_path": "env/CO_Enviornments_Parallax_v8.png",
                        "mesh_path": "__builtin_standard_square"
                    }
                },
                {
                    "TransformComponent": {
                        "position": [
                            0.0,
                            0.0
                        ],
                        "layer_z": 59.031982421875,
                        "scale": [
                            1920.0,
                            946.5984497070313
                        ]
                    }
                }
            ]
        },
        {
            "name": "LightBox",
            "version": 1,
            "alive": true,
            "components": [
              {
                "SkinnedRenderComponent": {
                  "atlas_file_path": "assets\\spine\\SB_Character_DeerSpineCutout01_v1.atlas",
                  "json_file_path": "assets\\spine\\SB_Character_DeerSpineCutout01_v1.json",
                  "scale": 1.0,
                  "currAnimation": "Run"
                }
              },
                {
                    "TransformComponent": {
                        "position": [
                            -0.5,
                            200
                        ],
                        "layer_z": 2.0,
                        "scale": [
                            37.5,
                            37.5
                        ]
                    }
                },
                {
                    "PhysicsComponent": {
                        "velocity": [
                            0.0,
                            0.0
                        ],
                        "acceleration": [
                            0.0,
                            0.0
                        ],
                        "force": [
                            0.0,
                            0.0
                        ],
                        "mass": 1.0,
                        "coeff_friction": 0.10000000149011612
                    }
                },
                {
                    "PlayerComponent": {}
                },
                {
                    "CircleComponent": {
                        "circle": [
                            0.10000000149011612,
                            -0.5,
                            0.10000000149011612
                        ]
                    }
                }
            ]
        },
        {
            "name": "Deer1",
            "version": 1,
            "alive": true,
            "components": [
                {
                    "SkinnedRenderComponent":
                    {
                        "atlas_file_path": "assets\\spine\\SB_Character_DeerSpineCutout01_v1.atlas",
                        "json_file_path": "assets\\spine\\SB_Character_DeerSpineCutout01_v1.json",
                        "scale": 1.0,
                        "currAnimation": "Run"
                    }
                },
                {
                    "TransformComponent": {
                        "position": [
                            0.5,
                            200
                        ],
                        "layer_z": 2.0,
                        "scale": [
                            -218.477,
                            100
                        ]
                    }
                },
                {
                    "PhysicsComponent": {
                        "velocity": [
                            0.0,
                            0.0
                        ],
                        "acceleration": [
                            0.0,
                            0.0
                        ],
                        "force": [
                            0.0,
                            0.0
                        ],
                        "mass": 1.0,
                        "coeff_friction": 0.10000000149011612
                    }
                },
                {
                    "AABBComponent": {
                        "box": [
                            100.0,
                            100.0
                        ]
                    }
                }
            ]
        },
        {
            "name": "Deer2",
            "version": 1,
            "alive": true,
            "components": [
                {
                    "SkinnedRenderComponent":
                    {
                        "atlas_file_path": "assets\\spine\\SB_Character_DeerSpineCutout01_v1.atlas",
                        "json_file_path": "assets\\spine\\SB_Character_DeerSpineCutout01_v1.json",
                        "scale": 1.0,
                        "currAnimation": "Run"
                    }
                },
                {
                    "TransformComponent": {
                        "position": [
                            -750.0,
                            200
                        ],
                        "layer_z": 2.0,
                        "scale": [
                            218.477,
                            100
                        ]
                    }
                },
                {
                    "PhysicsComponent": {
                        "velocity": [
                            0.0,
                            0.0
                        ],
                        "acceleration": [
                            0.0,
                            0.0
                        ],
                        "force": [
                            0.0,
                            0.0
                        ],
                        "mass": 1.0,
                        "coeff_friction": 0.10000000149011612
                    }
                },
                {
                    "AABBComponent": {
                        "box": [
                            100.0,
                            100.0
                        ]
                    }
                }
            ]
        },
       {
            "name": "Ground",
            "version": 1,
            "alive": true,
            "components": [
                {
                    "RenderComponent": {
                        "texture_path": "character/groundbrick.png",
                        "mesh_path": "__builtin_standard_square"
                    }
                },
                {
                    "TransformComponent": {
                        "position": [
                            0.0,
                            0.0
                        ],
                        "layer_z": 2.0,
                        "scale": [
                            1000.0,
                            100.0
                        ]
                    }
                },
                {
                    "PhysicsComponent": {
                        "velocity": [
                            0.0,
                            0.0
                        ],
                        "acceleration": [
                            0.0,
                            0.0
                        ],
                        "force": [
                            0.0,
                            0.0
                        ],
                        "mass": -1.0,
                        "coeff_friction": 0.10000000149011612
                    }
                },
                {
                    "AABBComponent": {
                        "box": [
                            1000.0,
                            100
                        ]
                    }
                }
            ]
        },
        {
            "name": "Ground 2",
            "version": 1,
            "alive": true,
            "components": [
                {
                    "RenderComponent": {
                        "texture_path": "character/groundbrick.png",
                        "mesh_path": "__builtin_standard_square"
                    }
                },
                {
                    "TransformComponent": {
                        "position": [
                            2200.0,
                            0.0
                        ],
                        "layer_z": 2.0,
                        "scale": [
                            750.0,
                            100.0
                        ]
                    }
                },
                {
                    "PhysicsComponent": {
                        "velocity": [
                            0.0,
                            0.0
                        ],
                        "acceleration": [
                            0.0,
                            0.0
                        ],
                        "force": [
                            0.0,
                            0.0
                        ],
                        "mass": -1.0,
                        "coeff_friction": 0.10000000149011612
                    }
                },
                {
                    "AABBComponent": {
                        "box": [
                            1000.0,
                            100
                        ]
                    }
                }
            ]
        },
        {
            "name": "Ground 2",
            "version": 1,
            "alive": true,
            "components": [
                {
                    "RenderComponent": {
                        "texture_path": "character/groundbrick.png",
                        "mesh_path": "__builtin_standard_square"
                    }
                },
                {
                    "TransformComponent": {
                        "position": [
                            2200.0,
                            0.0
                        ],
                        "layer_z": 2.0,
                        "scale": [
                            750.0,
                            0.0
                        ]
                    }
                },
                {
                    "PhysicsComponent": {
                        "velocity": [
                            0.0,
                            0.0
                        ],
                        "acceleration": [
                            0.0,
                            0.0
                        ],
                        "force": [
                            0.0,
                            0.0
                        ],
                        "mass": -1.0,
                        "coeff_friction": 0.10000000149011612
                    }
                },
                {
                    "AABBComponent": {
                        "box": [
                            1000.0,
                            100
                        ]
                    }
                }
            ]
        },
        {
            "name": "Ground 3",
            "version": 1,
            "alive": true,
            "components": [
                {
                    "RenderComponent": {
                        "texture_path": "character/groundbrick.png",
                        "mesh_path": "__builtin_standard_square"
                    }
                },
                {
                    "TransformComponent": {
                        "position": [
                            4000.0,
                            150.0
                        ],
                        "layer_z": 2.0,
                        "scale": [
                            500.0,
                            100.0
                        ]
                    }
                },
                {
                    "PhysicsComponent": {
                        "velocity": [
                            0.0,
                            0.0
                        ],
                        "acceleration": [
                            0.0,
                            0.0
                        ],
                        "force": [
                            0.0,
                            0.0
                        ],
                        "mass": -1.0,
                        "coeff_friction": 0.10000000149011612
                    }
                },
                {
                    "AABBComponent": {
                        "box": [
                            1000.0,
                            100
                        ]
                    }
                }
            ]
        },
        {
            "name": "Win Sapling",
            "version": 1,
            "alive": true,
            "components":
            [
                {
                    "RenderComponent":
                    {
                        "texture_path": "props/SB_environments_sapling02_v1.png",
                        "mesh_path": "__builtin_standard_square"
                    }
                },
                {
                    "TransformComponent":
                    {
                        "position":
                        [
                            2345.659912109375,
                            200
                        ],
                        "layer_z": 2.0,
                        "scale":
                        [
                            215.0,
                            242.0
                        ],
                        "rotation": 0.0
                    }
                },
                {
                    "TriggerVolumeComponent":
                    {
                        "onEnter": "you win",
                        "onStay": "",
                        "onExit": "",
                        "targetEntityName": "Deer1"
                    }
                }
            ]
        },
        {
            "name": "Kill Box",
            "version": 1,
            "alive": true,
            "components":
            [
                {
                    "RenderComponent":
                    {
                        "texture_path": "character/brick.png",
                        "mesh_path": "__builtin_standard_square"
                    }
                },
                {
                    "TransformComponent":
                    {
                        "position":
                        [
                            0,
                            -1000
                        ],
                        "layer_z": 1.0,
                        "scale":
                        [
                            20000.0,
                            100.0
                        ],
                        "rotation": 0.0
                    }
                },
                {
                    "TriggerVolumeComponent":
                    {
                        "onEnter": "reset level",
                        "onStay": "",
                        "onExit": "",
                        "targetEntityName": "Deer1"
                    }
                }
            ]
        }
    ],
    "emptyIndices": []
}