{"camera":{"position":[951.0111083984375,873.4764404296875],"target_position":[951.0111083984375,873.4764404296875],"screen_size":[1280.0,720.0],"zoom":0.3362804651260376},"world":[{"name":"Entity 0.1","version":1,"alive":true,"components":[{"RenderComponent":{"texture_path":"env/CO_Enviornments_Parallax_v8.png","mesh_path":"__builtin_standard_square"}},{"TransformComponent":{"position":[-305.69329833984375,9.5367431640625e-7],"layer_z":59.031982421875,"scale":[1920.0,946.5984497070313],"rotation":0.0}}]},{"name":"LightBox","version":2,"alive":true,"components":[{"RenderComponent":{"texture_path":"character/sb_character_flameball01.png","mesh_path":"__builtin_standard_square"}},{"TransformComponent":{"position":[110.27116394042969,327.04296875],"layer_z":2.0,"scale":[37.5,37.5],"rotation":0.0}},{"PhysicsComponent":{"velocity":[0.0,0.0],"acceleration":[0.0,-980.0],"force":[0.0,0.0],"mass":1.0,"coeff_friction":0.10000000149011612}},{"CircleComponent":{"circle":[37.5,110.27116394042969,327.04296875]}}]},{"name":"Deer1","version":1,"alive":true,"components":[{"TransformComponent":{"position":[-217.44435119628906,200.00100708007813],"layer_z":2.0,"scale":[-218.4770050048828,100.0],"rotation":0.0}},{"PhysicsComponent":{"velocity":[0.0,0.0],"acceleration":[0.0,-980.0],"force":[0.0,0.0],"mass":1.0,"coeff_friction":0.10000000149011612}},{"SkinnedRenderComponent":{"atlas_file_path":"assets\\spine\\SB_Character_DeerSpineCutout01_v1.atlas","json_file_path":"assets\\spine\\SB_Character_DeerSpineCutout01_v1.json","scale":1.0,"currAnimation":"Run","max_dimension":1951.0,"atlas_width":1951.0,"atlas_height":893.0,"width":-300.0,"height":137.31419372558594,"initial_target":300}},{"AABBComponent":{"box":[436.9540100097656,200.0]}}]},{"name":"deer","version":2,"alive":true,"components":[{"TransformComponent":{"position":[10346.626953125,-146.18069458007813],"layer_z":2.0,"scale":[-200.0,100.0],"rotation":0.0}},{"PhysicsComponent":{"velocity":[0.0,0.0],"acceleration":[0.0,-980.0],"force":[0.0,0.0],"mass":1.0,"coeff_friction":0.10000000149011612}},{"SkinnedRenderComponent":{"atlas_file_path":"assets\\spine\\SB_Character_DeerSpineCutout01_v1.atlas","json_file_path":"assets\\spine\\SB_Character_DeerSpineCutout01_v1.json","scale":1.0,"currAnimation":"Idle","max_dimension":1951.0,"atlas_width":1951.0,"atlas_height":893.0,"width":-300.0,"height":137.31419372558594,"initial_target":300}},{"AABBComponent":{"box":[400.0,200.0]}}]},{"name":"Ground","version":1,"alive":true,"components":[{"RenderComponent":{"texture_path":"character/groundbrick.png","mesh_path":"__builtin_standard_square"}},{"TransformComponent":{"position":[0.0,0.0],"layer_z":2.0,"scale":[1000.0,100.0],"rotation":0.0}},{"PhysicsComponent":{"velocity":[0.0,0.0],"acceleration":[0.0,0.0],"force":[0.0,0.0],"mass":-1.0,"coeff_friction":0.10000000149011612}},{"AABBComponent":{"box":[2000.0,200.0]}}]},{"name":"Ground 2","version":1,"alive":true,"components":[{"RenderComponent":{"texture_path":"character/groundbrick.png","mesh_path":"__builtin_standard_square"}},{"TransformComponent":{"position":[2200.0,0.0],"layer_z":2.0,"scale":[750.0,100.0],"rotation":0.0}},{"PhysicsComponent":{"velocity":[0.0,0.0],"acceleration":[0.0,0.0],"force":[0.0,0.0],"mass":-1.0,"coeff_friction":0.10000000149011612}},{"AABBComponent":{"box":[1500.0,200.0]}}]},{"name":"Ground 2","version":1,"alive":true,"components":[{"RenderComponent":{"texture_path":"character/groundbrick.png","mesh_path":"__builtin_standard_square"}},{"TransformComponent":{"position":[2200.0,100.0009994506836],"layer_z":2.0,"scale":[750.0,0.0],"rotation":0.0}},{"PhysicsComponent":{"velocity":[0.0,0.0],"acceleration":[0.0,0.0],"force":[0.0,0.0],"mass":-1.0,"coeff_friction":0.10000000149011612}},{"AABBComponent":{"box":[1500.0,0.0]}}]},{"name":"Ground 3","version":1,"alive":true,"components":[{"RenderComponent":{"texture_path":"character/groundbrick.png","mesh_path":"__builtin_standard_square"}},{"TransformComponent":{"position":[4000.0,150.0],"layer_z":2.0,"scale":[500.0,100.0],"rotation":0.0}},{"PhysicsComponent":{"velocity":[0.0,0.0],"acceleration":[0.0,0.0],"force":[0.0,0.0],"mass":-1.0,"coeff_friction":0.10000000149011612}},{"AABBComponent":{"box":[1000.0,200.0]}}]},{"name":"Win Sapling","version":1,"alive":true,"components":[{"RenderComponent":{"texture_path":"props/SB_environments_sapling02_v1.png","mesh_path":"__builtin_standard_square"}},{"TransformComponent":{"position":[19489.390625,4997.95556640625],"layer_z":2.0,"scale":[215.0,242.0],"rotation":0.0}},{"TriggerVolumeComponent":{"onEnter":"you win","onEnterParams":"","onStay":"","onStayParams":"","onExit":"","onExitParams":"","targetEntityName":"Deer1"}}]},{"name":"Kill Box","version":1,"alive":true,"components":[{"RenderComponent":{"texture_path":"character/brick.png","mesh_path":"__builtin_standard_square"}},{"TransformComponent":{"position":[14681.7529296875,-1358.0245361328125],"layer_z":2.0,"scale":[20000.0,100.0],"rotation":0.0}},{"TriggerVolumeComponent":{"onEnter":"reset level","onEnterParams":"","onStay":"","onStayParams":"","onExit":"","onExitParams":"","targetEntityName":"Deer1"}}]},{"name":"character/groundbrick.png","version":1,"alive":true,"components":[{"RenderComponent":{"texture_path":"character/groundbrick.png","mesh_path":"__builtin_standard_square"}},{"TransformComponent":{"position":[5609.21337890625,322.2936096191406],"layer_z":2.0,"scale":[774.07275390625,100.88754272460938],"rotation":0.0}},{"PhysicsComponent":{"velocity":[0.0,0.0],"acceleration":[0.0,0.0],"force":[0.0,0.0],"mass":-1.0,"coeff_friction":0.10000000149011612}},{"AABBComponent":{"box":[1548.1455078125,201.77508544921875]}}]},{"name":"character/groundbrick.png(0)","version":2,"alive":true,"components":[{"RenderComponent":{"texture_path":"character/groundbrick.png","mesh_path":"__builtin_standard_square"}},{"TransformComponent":{"position":[7768.74560546875,-357.6102600097656],"layer_z":2.0,"scale":[774.07275390625,100.88754272460938],"rotation":0.0}},{"PhysicsComponent":{"velocity":[0.0,0.0],"acceleration":[0.0,0.0],"force":[0.0,0.0],"mass":-1.0,"coeff_friction":0.10000000149011612}},{"AABBComponent":{"box":[1548.1455078125,201.77508544921875]}}]},{"name":"character/groundbrick.png(1)","version":1,"alive":true,"components":[{"RenderComponent":{"texture_path":"character/groundbrick.png","mesh_path":"__builtin_standard_square"}},{"TransformComponent":{"position":[10792.6513671875,-347.0692443847656],"layer_z":2.0,"scale":[774.07275390625,100.88754272460938],"rotation":0.0}},{"PhysicsComponent":{"velocity":[0.0,0.0],"acceleration":[0.0,0.0],"force":[0.0,0.0],"mass":-1.0,"coeff_friction":0.10000000149011612}},{"AABBComponent":{"box":[1548.1455078125,201.77508544921875]}}]},{"name":"character/groundbrick.png(2)","version":1,"alive":true,"components":[{"RenderComponent":{"texture_path":"character/groundbrick.png","mesh_path":"__builtin_standard_square"}},{"TransformComponent":{"position":[14248.7451171875,232.69363403320313],"layer_z":2.0,"scale":[1970.492919921875,90.34639739990234],"rotation":0.0}},{"PhysicsComponent":{"velocity":[0.0,0.0],"acceleration":[0.0,0.0],"force":[0.0,0.0],"mass":-1.0,"coeff_friction":0.10000000149011612}},{"AABBComponent":{"box":[3940.98583984375,180.6927947998047]}}]},{"name":"character/groundbrick.png(3)","version":1,"alive":true,"components":[{"RenderComponent":{"texture_path":"character/groundbrick.png","mesh_path":"__builtin_standard_square"}},{"TransformComponent":{"position":[16131.7900390625,2223.041015625],"layer_z":2.0,"scale":[100.0,1900.0],"rotation":0.0}},{"PhysicsComponent":{"velocity":[0.0,0.0],"acceleration":[0.0,0.0],"force":[0.0,0.0],"mass":-1.0,"coeff_friction":0.10000000149011612}},{"AABBComponent":{"box":[200.0,3800.0]}}]},{"name":"character/groundbrick.png(4)","version":1,"alive":true,"components":[{"RenderComponent":{"texture_path":"character/groundbrick.png","mesh_path":"__builtin_standard_square"}},{"TransformComponent":{"position":[15624.3642578125,4271.36474609375],"layer_z":2.0,"scale":[431.48553466796875,148.32275390625],"rotation":0.0}},{"PhysicsComponent":{"velocity":[0.0,0.0],"acceleration":[0.0,0.0],"force":[0.0,0.0],"mass":-1.0,"coeff_friction":0.10000000149011612}},{"AABBComponent":{"box":[862.9710693359375,296.6455078125]}}]},{"name":"character/groundbrick.png(5)","version":1,"alive":true,"components":[{"RenderComponent":{"texture_path":"character/groundbrick.png","mesh_path":"__builtin_standard_square"}},{"TransformComponent":{"position":[13875.9375,2646.61572265625],"layer_z":2.0,"scale":[431.48553466796875,148.32275390625],"rotation":0.0}},{"PhysicsComponent":{"velocity":[0.0,0.0],"acceleration":[0.0,0.0],"force":[0.0,0.0],"mass":-1.0,"coeff_friction":0.10000000149011612}},{"AABBComponent":{"box":[862.9710693359375,296.6455078125]}}]},{"name":"character/groundbrick.png(6)","version":1,"alive":true,"components":[{"RenderComponent":{"texture_path":"character/groundbrick.png","mesh_path":"__builtin_standard_square"}},{"TransformComponent":{"position":[13311.9853515625,3860.3388671875],"layer_z":2.0,"scale":[120.52173614501953,1313.119384765625],"rotation":0.0}},{"PhysicsComponent":{"velocity":[0.0,0.0],"acceleration":[0.0,0.0],"force":[0.0,0.0],"mass":-1.0,"coeff_friction":0.10000000149011612}},{"AABBComponent":{"box":[241.04347229003906,2626.23876953125]}}]},{"name":"character/groundbrick.png(7)","version":1,"alive":true,"components":[{"RenderComponent":{"texture_path":"character/groundbrick.png","mesh_path":"__builtin_standard_square"}},{"TransformComponent":{"position":[18148.966796875,3517.751708984375],"layer_z":2.0,"scale":[1865.08154296875,95.61702728271484],"rotation":0.0}},{"PhysicsComponent":{"velocity":[0.0,0.0],"acceleration":[0.0,0.0],"force":[0.0,0.0],"mass":-1.0,"coeff_friction":0.10000000149011612}},{"AABBComponent":{"box":[3730.1630859375,191.2340545654297]}}]},{"name":"character/groundbrick.png(8)","version":1,"alive":true,"components":[{"RenderComponent":{"texture_path":"character/groundbrick.png","mesh_path":"__builtin_standard_square"}},{"TransformComponent":{"position":[15007.70703125,5295.4287109375],"layer_z":2.0,"scale":[1896.7049560546875,121.96978759765625],"rotation":0.0}},{"PhysicsComponent":{"velocity":[0.0,0.0],"acceleration":[0.0,0.0],"force":[0.0,0.0],"mass":-1.0,"coeff_friction":0.10000000149011612}},{"AABBComponent":{"box":[3793.409912109375,243.9395751953125]}}]},{"name":"character/groundbrick.png(9)","version":1,"alive":true,"components":[{"RenderComponent":{"texture_path":"character/groundbrick.png","mesh_path":"__builtin_standard_square"}},{"TransformComponent":{"position":[18649.671875,4193.87939453125],"layer_z":2.0,"scale":[1074.4957275390625,580.509765625],"rotation":0.0}},{"PhysicsComponent":{"velocity":[0.0,0.0],"acceleration":[0.0,0.0],"force":[0.0,0.0],"mass":-1.0,"coeff_friction":0.10000000149011612}},{"AABBComponent":{"box":[2148.991455078125,1161.01953125]}}]},{"name":"deer(0)","version":1,"alive":true,"components":[{"TransformComponent":{"position":[14122.9970703125,2894.939453125],"layer_z":2.0,"scale":[-200.0,100.0],"rotation":0.0}},{"PhysicsComponent":{"velocity":[0.0,0.0],"acceleration":[0.0,-980.0],"force":[0.0,0.0],"mass":1.0,"coeff_friction":0.10000000149011612}},{"SkinnedRenderComponent":{"atlas_file_path":"assets\\spine\\SB_Character_DeerSpineCutout01_v1.atlas","json_file_path":"assets\\spine\\SB_Character_DeerSpineCutout01_v1.json","scale":1.0,"currAnimation":"Idle","max_dimension":1951.0,"atlas_width":1951.0,"atlas_height":893.0,"width":-300.0,"height":137.31419372558594,"initial_target":300}},{"AABBComponent":{"box":[400.0,200.0]}}]},{"name":"deer(1)","version":1,"alive":true,"components":[{"TransformComponent":{"position":[15411.439453125,4519.6884765625],"layer_z":2.0,"scale":[-200.0,100.0],"rotation":0.0}},{"PhysicsComponent":{"velocity":[0.0,0.0],"acceleration":[0.0,-980.0],"force":[0.0,0.0],"mass":1.0,"coeff_friction":0.10000000149011612}},{"SkinnedRenderComponent":{"atlas_file_path":"assets\\spine\\SB_Character_DeerSpineCutout01_v1.atlas","json_file_path":"assets\\spine\\SB_Character_DeerSpineCutout01_v1.json","scale":1.0,"currAnimation":"Idle","max_dimension":1951.0,"atlas_width":1951.0,"atlas_height":893.0,"width":-300.0,"height":137.31419372558594,"initial_target":300}},{"AABBComponent":{"box":[400.0,200.0]}}]},{"name":"deer(2)","version":1,"alive":true,"components":[{"TransformComponent":{"position":[17765.40234375,4874.39013671875],"layer_z":2.0,"scale":[-200.0,100.0],"rotation":0.0}},{"PhysicsComponent":{"velocity":[0.0,0.0],"acceleration":[0.0,-980.0],"force":[0.0,0.0],"mass":1.0,"coeff_friction":0.10000000149011612}},{"SkinnedRenderComponent":{"atlas_file_path":"assets\\spine\\SB_Character_DeerSpineCutout01_v1.atlas","json_file_path":"assets\\spine\\SB_Character_DeerSpineCutout01_v1.json","scale":1.0,"currAnimation":"Idle","max_dimension":1951.0,"atlas_width":1951.0,"atlas_height":893.0,"width":-300.0,"height":137.31419372558594,"initial_target":300}},{"AABBComponent":{"box":[400.0,200.0]}}]},{"name":"deer(3)","version":1,"alive":true,"components":[{"TransformComponent":{"position":[12577.30859375,423.0410461425781],"layer_z":2.0,"scale":[-200.0,100.0],"rotation":0.0}},{"PhysicsComponent":{"velocity":[0.0,0.0],"acceleration":[0.0,-980.0],"force":[0.0,0.0],"mass":1.0,"coeff_friction":0.10000000149011612}},{"SkinnedRenderComponent":{"atlas_file_path":"assets\\spine\\SB_Character_DeerSpineCutout01_v1.atlas","json_file_path":"assets\\spine\\SB_Character_DeerSpineCutout01_v1.json","scale":1.0,"currAnimation":"Idle","max_dimension":1951.0,"atlas_width":1951.0,"atlas_height":893.0,"width":-300.0,"height":137.31419372558594,"initial_target":300}},{"AABBComponent":{"box":[400.0,200.0]}}]},{"name":"Ground 2(0)","version":1,"alive":true,"components":[{"TransformComponent":{"position":[1208.042236328125,513.20068359375],"layer_z":2.0,"scale":[2365.64794921875,676.0406494140625],"rotation":0.0}},{"PhysicsComponent":{"velocity":[0.0,0.0],"acceleration":[0.0,0.0],"force":[0.0,0.0],"mass":-1.0,"coeff_friction":0.10000000149011612}},{"TriggerVolumeComponent":{"onEnter":"","onEnterParams":"","onStay":"frame camera","onStayParams":"{\"left_edge_zoom\":0.800000011920929,\"right_edge_zoom\":0.800000011920929}","onExit":"","onExitParams":"","targetEntityName":"LightBox"}}]},{"name":"Ground 2(1)","version":1,"alive":true,"components":[{"TransformComponent":{"position":[5255.4072265625,487.44854736328125],"layer_z":2.0,"scale":[1609.7794189453125,676.0406494140625],"rotation":0.0}},{"PhysicsComponent":{"velocity":[0.0,0.0],"acceleration":[0.0,0.0],"force":[0.0,0.0],"mass":-1.0,"coeff_friction":0.10000000149011612}},{"TriggerVolumeComponent":{"onEnter":"","onEnterParams":"","onStay":"frame camera","onStayParams":"{\"left_edge_zoom\":0.800000011920929,\"right_edge_zoom\":0.20000000298023224}","onExit":"","onExitParams":"","targetEntityName":"LightBox"}}]},{"name":"Ground 2(2)","version":1,"alive":true,"components":[{"TransformComponent":{"position":[11373.64453125,227.56692504882813],"layer_z":2.0,"scale":[1609.7794189453125,676.0406494140625],"rotation":0.0}},{"PhysicsComponent":{"velocity":[0.0,0.0],"acceleration":[0.0,0.0],"force":[0.0,0.0],"mass":-1.0,"coeff_friction":0.10000000149011612}},{"TriggerVolumeComponent":{"onEnter":"","onEnterParams":"","onStay":"frame camera","onStayParams":"{\"left_edge_zoom\":0.20000000298023224,\"right_edge_zoom\":0.05000000074505806}","onExit":"","onExitParams":"","targetEntityName":"LightBox"}}]}],"emptyIndices":[]}