{"camera":{"position":[-11003.87109375,152.62452697753906],"target_position":[-11003.87109375,152.62452697753906],"screen_size":[1280.0,720.0],"min_bound":[-20000.0,-5000.0],"max_bound":[40000.0,10000.0],"zoom":0.5731115341186523},"world":[{"name":"art/env/Backgrounds/Tree/CO_Enviornments_PolishedBackgroundParallax_v2_12.png","version":2,"alive":true,"components":[{"RenderComponent":{"texture_path":"art/env/Backgrounds/Tree/CO_Enviornments_PolishedBackgroundParallax_v2_12.png","mesh_path":"__builtin_standard_square"}},{"TransformComponent":{"position":[-16.43413734436035,7.670273303985596],"layer_z":50.0,"scale":[2126.22802734375,2133.60498046875],"rotation":0.0}}]},{"name":"LightBox","version":1,"alive":true,"components":[{"RenderComponent":{"texture_path":"art/character/sb_character_flameball01.png","mesh_path":"__builtin_standard_square"}},{"TransformComponent":{"position":[-6248.54248046875,79.93527221679688],"layer_z":2.0,"scale":[37.5,37.5],"rotation":0.0}},{"PhysicsComponent":{"velocity":[0.0,0.0],"acceleration":[0.0,-980.0],"force":[0.0,0.0],"mass":1.0,"coeff_friction":0.10000000149011612}},{"PlayerComponent":{}},{"CircleComponent":{"circle":[37.5,-6248.54248046875,79.93527221679688]}}]},{"name":"Deer0","version":1,"alive":true,"components":[{"TransformComponent":{"position":[-6435.80859375,-134.10670471191406],"layer_z":2.0,"scale":[-218.4770050048828,100.0],"rotation":0.0}},{"PhysicsComponent":{"velocity":[0.0,0.0],"acceleration":[0.0,-980.0],"force":[0.0,0.0],"mass":1.0,"coeff_friction":0.10000000149011612}},{"SkinnedRenderComponent":{"atlas_file_path":"art/character/deer/SB_Character_DeerSpineCutout01_v1.atlas","json_file_path":"art/character/deer/SB_Character_DeerSpineCutout01_v1.json","scale":1.0,"currAnimation":"Idle","max_dimension":1951.0,"atlas_width":1951.0,"atlas_height":893.0,"width":-300.0,"height":137.31419372558594,"initial_target":300}},{"AABBComponent":{"box":[436.9540100097656,200.0]}}]},{"name":"character/groundbrick.png(10)","version":2,"alive":true,"components":[{"RenderComponent":{"texture_path":"art/character/groundbrick.png","mesh_path":"__builtin_standard_square"}},{"TransformComponent":{"position":[76299.109375,-1925.1595458984375],"layer_z":2.0,"scale":[5549.19482421875,4555.0498046875],"rotation":0.0}},{"PhysicsComponent":{"velocity":[0.0,0.0],"acceleration":[0.0,0.0],"force":[0.0,0.0],"mass":-1.0,"coeff_friction":0.10000000149011612}},{"AABBComponent":{"box":[11098.3896484375,9110.099609375]}}]},{"name":"Deer3","version":1,"alive":true,"components":[{"TransformComponent":{"position":[46881.1328125,-1556.97216796875],"layer_z":2.0,"scale":[-218.4770050048828,100.0],"rotation":0.0}},{"PhysicsComponent":{"velocity":[1.8497139729087585e-43,0.0],"acceleration":[0.0,-980.0],"force":[0.0,0.0],"mass":1.0,"coeff_friction":0.10000000149011612}},{"SkinnedRenderComponent":{"atlas_file_path":"art/character/deer/SB_Character_DeerSpineCutout01_v1.atlas","json_file_path":"art/character/deer/SB_Character_DeerSpineCutout01_v1.json","scale":1.0,"currAnimation":"Idle","max_dimension":1951.0,"atlas_width":1951.0,"atlas_height":893.0,"width":-300.0,"height":137.31419372558594,"initial_target":300}},{"AABBComponent":{"box":[436.9540100097656,200.0]}}]},{"name":"Deer1","version":1,"alive":true,"components":[{"TransformComponent":{"position":[58159.85546875,7553.1279296875],"layer_z":2.0,"scale":[-218.4770050048828,100.0],"rotation":0.0}},{"PhysicsComponent":{"velocity":[7.006492321624085e-44,0.0],"acceleration":[0.0,-980.0],"force":[0.0,0.0],"mass":1.0,"coeff_friction":0.10000000149011612}},{"SkinnedRenderComponent":{"atlas_file_path":"art/character/deer/SB_Character_DeerSpineCutout01_v1.atlas","json_file_path":"art/character/deer/SB_Character_DeerSpineCutout01_v1.json","scale":1.0,"currAnimation":"Idle","max_dimension":1951.0,"atlas_width":1951.0,"atlas_height":893.0,"width":-300.0,"height":137.31419372558594,"initial_target":300}},{"AABBComponent":{"box":[436.9540100097656,200.0]}}]},{"name":"Ground","version":1,"alive":true,"components":[{"RenderComponent":{"texture_path":"art/character/groundbrick.png","mesh_path":"__builtin_standard_square"}},{"TransformComponent":{"position":[2378.05615234375,-1665.218017578125],"layer_z":2.0,"scale":[12709.3935546875,1431.101318359375],"rotation":0.0}},{"PhysicsComponent":{"velocity":[0.0,0.0],"acceleration":[0.0,0.0],"force":[0.0,0.0],"mass":-1.0,"coeff_friction":0.10000000149011612}},{"AABBComponent":{"box":[25418.787109375,2862.20263671875]}}]},{"name":"Ground 2","version":1,"alive":false,"components":[]},{"name":"Ground 2","version":1,"alive":true,"components":[{"RenderComponent":{"texture_path":"art/character/groundbrick.png","mesh_path":"__builtin_standard_square"}},{"TransformComponent":{"position":[2200.0,100.0009994506836],"layer_z":2.0,"scale":[750.0,0.0],"rotation":0.0}},{"PhysicsComponent":{"velocity":[0.0,0.0],"acceleration":[0.0,0.0],"force":[0.0,0.0],"mass":-1.0,"coeff_friction":0.10000000149011612}},{"AABBComponent":{"box":[1500.0,0.0]}}]},{"name":"Ground 3","version":1,"alive":true,"components":[{"RenderComponent":{"texture_path":"art/character/groundbrick.png","mesh_path":"__builtin_standard_square"}},{"TransformComponent":{"position":[-1968.3546142578125,-167.21389770507813],"layer_z":2.0,"scale":[1706.3369140625,66.38299560546875],"rotation":0.0}},{"PhysicsComponent":{"velocity":[0.0,0.0],"acceleration":[0.0,0.0],"force":[0.0,0.0],"mass":-1.0,"coeff_friction":0.10000000149011612}},{"AABBComponent":{"box":[3412.673828125,132.7659912109375]}}]},{"name":"Win Sapling","version":1,"alive":true,"components":[{"RenderComponent":{"texture_path":"art/env/props/SB_environments_sapling02_v1.png","mesh_path":"__builtin_standard_square"}},{"TransformComponent":{"position":[88916.953125,-1448.406982421875],"layer_z":2.0,"scale":[479.0537109375,423.95684814453125],"rotation":0.0}},{"TriggerVolumeComponent":{"onEnter":"you win","onEnterParams":"","onStay":"","onStayParams":"","onExit":"","onExitParams":"","targetEntityName":"LightBox"}}]},{"name":"Kill Box","version":1,"alive":true,"components":[{"TransformComponent":{"position":[10000.0,-1000.0],"layer_z":2.0,"scale":[30000.0,100.0],"rotation":0.0}},{"TriggerVolumeComponent":{"onEnter":"reset level","onEnterParams":"","onStay":"","onStayParams":"","onExit":"","onExitParams":"","targetEntityName":"LightBox"}}]},{"name":"art/env/Backgrounds/Tree/CO_Enviornments_PolishedBackgroundParallax_v2_10.png(8)","version":2,"alive":true,"components":[{"RenderComponent":{"texture_path":"art/env/Backgrounds/Tree/CO_Enviornments_PolishedBackgroundParallax_v2_10.png","mesh_path":"__builtin_standard_square"}},{"TransformComponent":{"position":[89220.46875,1165.875732421875],"layer_z":1.9550000429153442,"scale":[6939.07373046875,5905.8515625],"rotation":0.0}}]},{"name":"character/groundbrick.png(0)","version":2,"alive":true,"components":[{"RenderComponent":{"texture_path":"art/character/groundbrick.png","mesh_path":"__builtin_standard_square"}},{"TransformComponent":{"position":[6045.85546875,-70.46131134033203],"layer_z":2.0,"scale":[3504.00537109375,163.65438842773438],"rotation":0.0}},{"PhysicsComponent":{"velocity":[0.0,0.0],"acceleration":[0.0,0.0],"force":[0.0,0.0],"mass":-1.0,"coeff_friction":0.10000000149011612}},{"AABBComponent":{"box":[7008.0107421875,327.30877685546875]}}]},{"name":"character/groundbrick.png(1)","version":1,"alive":true,"components":[{"RenderComponent":{"texture_path":"art/character/groundbrick.png","mesh_path":"__builtin_standard_square"}},{"TransformComponent":{"position":[6931.63427734375,211.63046264648438],"layer_z":2.0,"scale":[2595.291259765625,118.4363784790039],"rotation":0.0}},{"PhysicsComponent":{"velocity":[0.0,0.0],"acceleration":[0.0,0.0],"force":[0.0,0.0],"mass":-1.0,"coeff_friction":0.10000000149011612}},{"AABBComponent":{"box":[5190.58251953125,236.8727569580078]}}]},{"name":"art/env/Backgrounds/Tree/CO_Enviornments_PolishedBackgroundParallax_v2_10.png(1)","version":2,"alive":true,"components":[{"RenderComponent":{"texture_path":"art/env/Backgrounds/Tree/CO_Enviornments_PolishedBackgroundParallax_v2_10.png","mesh_path":"__builtin_standard_square"}},{"TransformComponent":{"position":[6130.630859375,2477.93212890625],"layer_z":1.9550000429153442,"scale":[5300.34375,5384.43701171875],"rotation":0.0}}]},{"name":"art/env/Backgrounds/Tree/CO_Enviornments_PolishedBackgroundParallax_v2_13.png(0)","version":3,"alive":true,"components":[{"RenderComponent":{"texture_path":"art/env/Backgrounds/Tree/CO_Enviornments_PolishedBackgroundParallax_v2_13.png","mesh_path":"__builtin_standard_square"}},{"TransformComponent":{"position":[4405.0,400.0],"layer_z":100.0,"scale":[2200.0,1200.0],"rotation":0.0}}]},{"name":"character/groundbrick.png(5)","version":3,"alive":true,"components":[{"RenderComponent":{"texture_path":"art/character/groundbrick.png","mesh_path":"__builtin_standard_square"}},{"TransformComponent":{"position":[37205.93359375,-3900.619384765625],"layer_z":2.0,"scale":[5774.81982421875,2343.926025390625],"rotation":0.0}},{"PhysicsComponent":{"velocity":[0.0,0.0],"acceleration":[0.0,0.0],"force":[0.0,0.0],"mass":-1.0,"coeff_friction":0.10000000149011612}},{"AABBComponent":{"box":[11549.6396484375,4687.85205078125]}}]},{"name":"character/groundbrick.png(2)","version":2,"alive":true,"components":[{"RenderComponent":{"texture_path":"art/character/groundbrick.png","mesh_path":"__builtin_standard_square"}},{"TransformComponent":{"position":[15157.3828125,-85.47313690185547],"layer_z":2.0,"scale":[2575.15380859375,148.64256286621094],"rotation":0.0}},{"PhysicsComponent":{"velocity":[0.0,0.0],"acceleration":[0.0,0.0],"force":[0.0,0.0],"mass":-1.0,"coeff_friction":0.10000000149011612}},{"AABBComponent":{"box":[5150.3076171875,297.2851257324219]}}]},{"name":"character/groundbrick.png(4)","version":3,"alive":true,"components":[{"RenderComponent":{"texture_path":"art/character/groundbrick.png","mesh_path":"__builtin_standard_square"}},{"TransformComponent":{"position":[27602.400390625,-1795.26171875],"layer_z":2.0,"scale":[2866.4619140625,2210.20849609375],"rotation":0.0}},{"PhysicsComponent":{"velocity":[0.0,0.0],"acceleration":[0.0,0.0],"force":[0.0,0.0],"mass":-1.0,"coeff_friction":0.10000000149011612}},{"AABBComponent":{"box":[5732.923828125,4420.4169921875]}}]},{"name":"character/groundbrick.png(7)","version":1,"alive":true,"components":[{"RenderComponent":{"texture_path":"art/character/groundbrick.png","mesh_path":"__builtin_standard_square"}},{"TransformComponent":{"position":[18148.966796875,-134982976.0],"layer_z":2.0,"scale":[1865.08154296875,95.61702728271484],"rotation":0.0}},{"PhysicsComponent":{"velocity":[0.0,-514414.5625],"acceleration":[0.0,-980.0],"force":[0.0,0.0],"mass":1.0,"coeff_friction":0.10000000149011612}},{"AABBComponent":{"box":[3730.1630859375,191.2340545654297]}}]},{"name":"art/env/Backgrounds/Tree/CO_Enviornments_PolishedBackgroundParallax_v2_13.png(1)","version":3,"alive":true,"components":[{"RenderComponent":{"texture_path":"art/env/Backgrounds/Tree/CO_Enviornments_PolishedBackgroundParallax_v2_13.png","mesh_path":"__builtin_standard_square"}},{"TransformComponent":{"position":[8805.0,400.0],"layer_z":100.0,"scale":[2200.0,1200.0],"rotation":0.0}}]},{"name":"character/groundbrick.png(9)","version":1,"alive":true,"components":[{"RenderComponent":{"texture_path":"art/character/groundbrick.png","mesh_path":"__builtin_standard_square"}},{"TransformComponent":{"position":[18649.671875,-134982320.0],"layer_z":2.0,"scale":[1074.4957275390625,580.509765625],"rotation":0.0}},{"PhysicsComponent":{"velocity":[0.0,-514414.5625],"acceleration":[0.0,-980.0],"force":[0.0,0.0],"mass":1.0,"coeff_friction":0.10000000149011612}},{"AABBComponent":{"box":[2148.991455078125,1161.01953125]}}]},{"name":"art/env/Backgrounds/Tree/CO_Enviornments_PolishedBackgroundParallax_v2_13.png(2)","version":3,"alive":true,"components":[{"RenderComponent":{"texture_path":"art/env/Backgrounds/Tree/CO_Enviornments_PolishedBackgroundParallax_v2_13.png","mesh_path":"__builtin_standard_square"}},{"TransformComponent":{"position":[13205.0,400.0],"layer_z":100.0,"scale":[2200.0,1200.0],"rotation":0.0}}]},{"name":"art/env/Backgrounds/Tree/CO_Enviornments_PolishedBackgroundParallax_v2_13.png(3)","version":2,"alive":true,"components":[{"RenderComponent":{"texture_path":"art/env/Backgrounds/Tree/CO_Enviornments_PolishedBackgroundParallax_v2_13.png","mesh_path":"__builtin_standard_square"}},{"TransformComponent":{"position":[17605.0,400.0],"layer_z":100.0,"scale":[2200.0,1200.0],"rotation":0.0}}]},{"name":"art/env/Backgrounds/Tree/CO_Enviornments_PolishedBackgroundParallax_v2_13.png(4)","version":2,"alive":true,"components":[{"RenderComponent":{"texture_path":"art/env/Backgrounds/Tree/CO_Enviornments_PolishedBackgroundParallax_v2_13.png","mesh_path":"__builtin_standard_square"}},{"TransformComponent":{"position":[17605.0,2800.0],"layer_z":100.0,"scale":[2200.0,1200.0],"rotation":0.0}}]},{"name":"art/env/Backgrounds/Tree/CO_Enviornments_PolishedBackgroundParallax_v2_13.png(5)","version":2,"alive":true,"components":[{"RenderComponent":{"texture_path":"art/env/Backgrounds/Tree/CO_Enviornments_PolishedBackgroundParallax_v2_13.png","mesh_path":"__builtin_standard_square"}},{"TransformComponent":{"position":[13205.0,2800.0],"layer_z":100.0,"scale":[2200.0,1200.0],"rotation":0.0}}]},{"name":"art/env/Backgrounds/Tree/CO_Enviornments_PolishedBackgroundParallax_v2_13.png(6)","version":2,"alive":true,"components":[{"RenderComponent":{"texture_path":"art/env/Backgrounds/Tree/CO_Enviornments_PolishedBackgroundParallax_v2_13.png","mesh_path":"__builtin_standard_square"}},{"TransformComponent":{"position":[8805.0,2800.0],"layer_z":100.0,"scale":[2200.0,1200.0],"rotation":0.0}}]},{"name":"art/env/Backgrounds/Tree/CO_Enviornments_PolishedBackgroundParallax_v2_13.png(7)","version":2,"alive":true,"components":[{"RenderComponent":{"texture_path":"art/env/Backgrounds/Tree/CO_Enviornments_PolishedBackgroundParallax_v2_13.png","mesh_path":"__builtin_standard_square"}},{"TransformComponent":{"position":[4405.0,2800.0],"layer_z":100.0,"scale":[2200.0,1200.0],"rotation":0.0}}]},{"name":"art/env/Backgrounds/Tree/CO_Enviornments_PolishedBackgroundParallax_v2_13.png(8)","version":2,"alive":true,"components":[{"RenderComponent":{"texture_path":"art/env/Backgrounds/Tree/CO_Enviornments_PolishedBackgroundParallax_v2_13.png","mesh_path":"__builtin_standard_square"}},{"TransformComponent":{"position":[5.0,2800.0],"layer_z":100.0,"scale":[2200.0,1200.0],"rotation":0.0}}]},{"name":"art/env/Backgrounds/Tree/CO_Enviornments_PolishedBackgroundParallax_v2_13.png(9)","version":2,"alive":true,"components":[{"RenderComponent":{"texture_path":"art/env/Backgrounds/Tree/CO_Enviornments_PolishedBackgroundParallax_v2_13.png","mesh_path":"__builtin_standard_square"}},{"TransformComponent":{"position":[6085.2412109375,3919.85888671875],"layer_z":10000.0,"scale":[18205.94921875,6681.48974609375],"rotation":0.0}}]},{"name":"art/env/Backgrounds/Tree/CO_Enviornments_PolishedBackgroundParallax_v2_13.png(10)","version":2,"alive":true,"components":[{"RenderComponent":{"texture_path":"art/env/Backgrounds/Tree/CO_Enviornments_PolishedBackgroundParallax_v2_13.png","mesh_path":"__builtin_standard_square"}},{"TransformComponent":{"position":[22005.0,400.0],"layer_z":100.0,"scale":[2200.0,1200.0],"rotation":0.0}}]},{"name":"art/env/Backgrounds/Tree/CO_Enviornments_PolishedBackgroundParallax_v2_12.png(2)","version":4,"alive":true,"components":[{"RenderComponent":{"texture_path":"art/env/Backgrounds/Tree/CO_Enviornments_PolishedBackgroundParallax_v2_12.png","mesh_path":"__builtin_standard_square"}},{"TransformComponent":{"position":[10516.4765625,4533.88134765625],"layer_z":50.0,"scale":[2633.2275390625,2263.10546875],"rotation":0.0}}]},{"name":"art/env/Backgrounds/Tree/CO_Enviornments_PolishedBackgroundParallax_v2_12.png(1)","version":4,"alive":true,"components":[{"RenderComponent":{"texture_path":"art/env/Backgrounds/Tree/CO_Enviornments_PolishedBackgroundParallax_v2_12.png","mesh_path":"__builtin_standard_square"}},{"TransformComponent":{"position":[10516.4765625,7.670273303985596],"layer_z":50.0,"scale":[2633.2275390625,2263.10546875],"rotation":0.0}}]},{"name":"art/env/Backgrounds/Tree/CO_Enviornments_PolishedBackgroundParallax_v2_12.png(0)","version":5,"alive":true,"components":[{"RenderComponent":{"texture_path":"art/env/Backgrounds/Tree/CO_Enviornments_PolishedBackgroundParallax_v2_12.png","mesh_path":"__builtin_standard_square"}},{"TransformComponent":{"position":[5250.021484375,7.670273303985596],"layer_z":50.0,"scale":[-2633.22802734375,2263.10546875],"rotation":0.0}}]},{"name":"art/env/Backgrounds/Tree/CO_Enviornments_PolishedBackgroundParallax_v2_12.png(3)","version":3,"alive":true,"components":[{"RenderComponent":{"texture_path":"art/env/Backgrounds/Tree/CO_Enviornments_PolishedBackgroundParallax_v2_12.png","mesh_path":"__builtin_standard_square"}},{"TransformComponent":{"position":[15782.931640625,4533.88134765625],"layer_z":50.0,"scale":[-2633.22802734375,2263.10546875],"rotation":0.0}}]},{"name":"art/env/Backgrounds/Tree/CO_Enviornments_PolishedBackgroundParallax_v2_12.png(4)","version":4,"alive":true,"components":[{"RenderComponent":{"texture_path":"art/env/Backgrounds/Tree/CO_Enviornments_PolishedBackgroundParallax_v2_12.png","mesh_path":"__builtin_standard_square"}},{"TransformComponent":{"position":[21049.38671875,4533.88134765625],"layer_z":50.0,"scale":[2633.2275390625,2263.10546875],"rotation":0.0}}]},{"name":"Deer1(0)","version":3,"alive":true,"components":[{"TransformComponent":{"position":[71568.4609375,2729.900146484375],"layer_z":2.0,"scale":[-218.4770050048828,100.0],"rotation":0.0}},{"PhysicsComponent":{"velocity":[7.006492321624085e-44,0.0],"acceleration":[0.0,-980.0],"force":[0.0,0.0],"mass":1.0,"coeff_friction":0.10000000149011612}},{"SkinnedRenderComponent":{"atlas_file_path":"art/character/deer/SB_Character_DeerSpineCutout01_v1.atlas","json_file_path":"art/character/deer/SB_Character_DeerSpineCutout01_v1.json","scale":1.0,"currAnimation":"Idle","max_dimension":1951.0,"atlas_width":1951.0,"atlas_height":893.0,"width":-300.0,"height":137.31419372558594,"initial_target":300}},{"AABBComponent":{"box":[436.9540100097656,200.0]}}]},{"name":"art/env/Backgrounds/Tree/CO_Enviornments_PolishedBackgroundParallax_v2_12.png(5)","version":2,"alive":true,"components":[{"RenderComponent":{"texture_path":"art/env/Backgrounds/Tree/CO_Enviornments_PolishedBackgroundParallax_v2_12.png","mesh_path":"__builtin_standard_square"}},{"TransformComponent":{"position":[21049.38671875,7.67041015625],"layer_z":50.0,"scale":[2633.2275390625,2263.10546875],"rotation":0.0}}]},{"name":"art/env/Backgrounds/Tree/CO_Enviornments_PolishedBackgroundParallax_v2_12.png(6)","version":2,"alive":true,"components":[{"RenderComponent":{"texture_path":"art/env/Backgrounds/Tree/CO_Enviornments_PolishedBackgroundParallax_v2_12.png","mesh_path":"__builtin_standard_square"}},{"TransformComponent":{"position":[15782.931640625,7.67041015625],"layer_z":50.0,"scale":[-2633.22802734375,2263.10546875],"rotation":0.0}}]},{"name":"art/env/Backgrounds/Tree/CO_Enviornments_PolishedBackgroundParallax_v2_10.png(0)","version":2,"alive":true,"components":[{"RenderComponent":{"texture_path":"art/env/Backgrounds/Tree/CO_Enviornments_PolishedBackgroundParallax_v2_10.png","mesh_path":"__builtin_standard_square"}},{"TransformComponent":{"position":[38539.2890625,-445.3729248046875],"layer_z":1.9550000429153442,"scale":[5674.0615234375,5679.95654296875],"rotation":0.0}}]},{"name":"art/env/Backgrounds/Tree/CO_Enviornments_PolishedBackgroundParallax_v2_11.png","version":2,"alive":true,"components":[{"RenderComponent":{"texture_path":"art/env/Backgrounds/Tree/CO_Enviornments_PolishedBackgroundParallax_v2_11.png","mesh_path":"__builtin_standard_square"}},{"TransformComponent":{"position":[791.2137451171875,1027.526123046875],"layer_z":70.0,"scale":[12947.1826171875,3970.302978515625],"rotation":0.0}}]},{"name":"art/env/Backgrounds/Tree/CO_Enviornments_PolishedBackgroundParallax_v2_10.png(3)","version":3,"alive":true,"components":[{"RenderComponent":{"texture_path":"art/env/Backgrounds/Tree/CO_Enviornments_PolishedBackgroundParallax_v2_10.png","mesh_path":"__builtin_standard_square"}},{"TransformComponent":{"position":[17603.720703125,1867.3251953125],"layer_z":1.9550000429153442,"scale":[5300.34375,5384.43701171875],"rotation":0.0}}]},{"name":"art/env/Backgrounds/Tree/CO_Enviornments_PolishedBackgroundParallax_v2_10.png(4)","version":3,"alive":true,"components":[{"RenderComponent":{"texture_path":"art/env/Backgrounds/Tree/CO_Enviornments_PolishedBackgroundParallax_v2_10.png","mesh_path":"__builtin_standard_square"}},{"TransformComponent":{"position":[26379.88671875,1770.7137451171875],"layer_z":1.9550000429153442,"scale":[5300.34375,5384.43701171875],"rotation":0.0}}]},{"name":"art/env/Props/SB_environments_trunk04_v1.png","version":2,"alive":true,"components":[{"RenderComponent":{"texture_path":"art/env/Props/SB_environments_trunk04_v1.png","mesh_path":"__builtin_standard_square"}},{"TransformComponent":{"position":[-245.25599670410156,1041.594970703125],"layer_z":2.069999933242798,"scale":[-616.2410278320313,1499.3890380859375],"rotation":0.0}}]},{"name":"art/env/Backgrounds/Tree/CO_Enviornments_PolishedBackgroundParallax_v2_10.png(7)","version":3,"alive":true,"components":[{"RenderComponent":{"texture_path":"art/env/Backgrounds/Tree/CO_Enviornments_PolishedBackgroundParallax_v2_10.png","mesh_path":"__builtin_standard_square"}},{"TransformComponent":{"position":[78405.359375,5632.6416015625],"layer_z":1.9550000429153442,"scale":[4573.6357421875,4814.11083984375],"rotation":0.0}}]},{"name":"character/groundbrick.png(6)","version":3,"alive":true,"components":[{"RenderComponent":{"texture_path":"art/character/groundbrick.png","mesh_path":"__builtin_standard_square"}},{"TransformComponent":{"position":[52078.79296875,-4000.908203125],"layer_z":2.0,"scale":[5425.724609375,2343.926025390625],"rotation":0.0}},{"PhysicsComponent":{"velocity":[0.0,0.0],"acceleration":[0.0,0.0],"force":[0.0,0.0],"mass":-1.0,"coeff_friction":0.10000000149011612}},{"AABBComponent":{"box":[10851.44921875,4687.85205078125]}}]},{"name":"character/groundbrick.png(11)","version":3,"alive":true,"components":[{"RenderComponent":{"texture_path":"art/character/groundbrick.png","mesh_path":"__builtin_standard_square"}},{"TransformComponent":{"position":[87291.390625,-4221.3701171875],"layer_z":2.0,"scale":[5425.724609375,2343.926025390625],"rotation":0.0}},{"PhysicsComponent":{"velocity":[0.0,0.0],"acceleration":[0.0,0.0],"force":[0.0,0.0],"mass":-1.0,"coeff_friction":0.10000000149011612}},{"AABBComponent":{"box":[10851.44921875,4687.85205078125]}}]},{"name":"character/groundbrick.png(3)","version":3,"alive":true,"components":[{"RenderComponent":{"texture_path":"art/character/groundbrick.png","mesh_path":"__builtin_standard_square"}},{"TransformComponent":{"position":[21291.5390625,-2122.970703125],"layer_z":2.0,"scale":[2866.4619140625,2210.20849609375],"rotation":0.0}},{"PhysicsComponent":{"velocity":[0.0,0.0],"acceleration":[0.0,0.0],"force":[0.0,0.0],"mass":-1.0,"coeff_friction":0.10000000149011612}},{"AABBComponent":{"box":[5732.923828125,4420.4169921875]}}]},{"name":"Empty Entity(0)","version":4,"alive":true,"components":[{"RenderComponent":{"texture_path":"art/character/brick.png","mesh_path":"__builtin_standard_square"}},{"TransformComponent":{"position":[-5000.0,0.0],"layer_z":2.0,"scale":[200.0,200.0],"rotation":0.0}},{"TriggerVolumeComponent":{"onEnter":"frame camera","onEnterParams":"{\"left_edge_zoom\":0.5,\"right_edge_zoom\":0.699999988079071}","onStay":"","onStayParams":"","onExit":"","onExitParams":"","targetEntityName":"LightBox"}}]},{"name":"art/env/Backgrounds/Tree/CO_Enviornments_PolishedBackgroundParallax_v2_10.png(6)","version":3,"alive":true,"components":[{"RenderComponent":{"texture_path":"art/env/Backgrounds/Tree/CO_Enviornments_PolishedBackgroundParallax_v2_10.png","mesh_path":"__builtin_standard_square"}},{"TransformComponent":{"position":[64529.98828125,10053.1328125],"layer_z":1.9550000429153442,"scale":[4277.9990234375,3377.888671875],"rotation":0.0}}]},{"name":"Empty Entity(30)","version":1,"alive":false,"components":[{"RenderComponent":{"texture_path":"art/env/backgrounds/clearing/CO_Enviornments_Parallaxpsd_v1_0000_5.png","mesh_path":"__builtin_standard_square"}},{"TransformComponent":{"position":[11285.791015625,-273.8182373046875],"layer_z":7.188000202178955,"scale":[1920.0,719.1530151367188],"rotation":0.0}}]},{"name":"Empty Entity(31)","version":1,"alive":false,"components":[{"RenderComponent":{"texture_path":"art/env/backgrounds/clearing/CO_Enviornments_Parallaxpsd_v1_0000_5.png","mesh_path":"__builtin_standard_square"}},{"TransformComponent":{"position":[15125.791015625,-273.8182373046875],"layer_z":7.188000202178955,"scale":[1920.0,719.1530151367188],"rotation":0.0}}]},{"name":"Empty Entity(32)","version":1,"alive":false,"components":[{"RenderComponent":{"texture_path":"art/env/backgrounds/clearing/CO_Enviornments_Parallaxpsd_v1_0000_7.png","mesh_path":"__builtin_standard_square"}},{"TransformComponent":{"position":[3380.18701171875,205.1337432861328],"layer_z":32.32400131225586,"scale":[1920.0,782.1790161132813],"rotation":0.0}}]},{"name":"Empty Entity(33)","version":1,"alive":false,"components":[{"RenderComponent":{"texture_path":"art/env/backgrounds/clearing/CO_Enviornments_Parallaxpsd_v1_0000_7.png","mesh_path":"__builtin_standard_square"}},{"TransformComponent":{"position":[7220.18701171875,205.1337432861328],"layer_z":32.32400131225586,"scale":[1920.0,782.1790161132813],"rotation":0.0}}]},{"name":"Empty Entity(34)","version":1,"alive":false,"components":[{"RenderComponent":{"texture_path":"art/env/backgrounds/clearing/CO_Enviornments_Parallaxpsd_v1_0000_7.png","mesh_path":"__builtin_standard_square"}},{"TransformComponent":{"position":[11060.1875,205.1337432861328],"layer_z":32.32400131225586,"scale":[1920.0,782.1790161132813],"rotation":0.0}}]},{"name":"Empty Entity(35)","version":1,"alive":false,"components":[{"RenderComponent":{"texture_path":"art/env/backgrounds/clearing/CO_Enviornments_Parallaxpsd_v1_0000_7.png","mesh_path":"__builtin_standard_square"}},{"TransformComponent":{"position":[-4299.81298828125,205.1337432861328],"layer_z":32.32400131225586,"scale":[1920.0,782.1790161132813],"rotation":0.0}}]},{"name":"Empty Entity(36)","version":1,"alive":false,"components":[{"RenderComponent":{"texture_path":"art/env/backgrounds/clearing/CO_Enviornments_Parallaxpsd_v1_0000_7.png","mesh_path":"__builtin_standard_square"}},{"TransformComponent":{"position":[-8139.8125,205.1337432861328],"layer_z":32.32400131225586,"scale":[1920.0,782.1790161132813],"rotation":0.0}}]},{"name":"Empty Entity(37)","version":1,"alive":false,"components":[{"RenderComponent":{"texture_path":"art/env/backgrounds/clearing/CO_Enviornments_Parallaxpsd_v1_0000_7.png","mesh_path":"__builtin_standard_square"}},{"TransformComponent":{"position":[-11979.8125,205.1337432861328],"layer_z":32.32400131225586,"scale":[1920.0,782.1790161132813],"rotation":0.0}}]},{"name":"Empty Entity(38)","version":1,"alive":false,"components":[{"RenderComponent":{"texture_path":"art/env/backgrounds/clearing/CO_Enviornments_Parallaxpsd_v1_0000_7.png","mesh_path":"__builtin_standard_square"}},{"TransformComponent":{"position":[-15819.8125,205.1337432861328],"layer_z":32.32400131225586,"scale":[1920.0,782.1790161132813],"rotation":0.0}}]},{"name":"Empty Entity(39)","version":1,"alive":false,"components":[{"RenderComponent":{"texture_path":"art/env/backgrounds/clearing/CO_Enviornments_Parallaxpsd_v1_0000_7.png","mesh_path":"__builtin_standard_square"}},{"TransformComponent":{"position":[-19659.8125,205.1337432861328],"layer_z":32.32400131225586,"scale":[1920.0,782.1790161132813],"rotation":0.0}}]},{"name":"Empty Entity(40)","version":1,"alive":false,"components":[{"RenderComponent":{"texture_path":"art/env/backgrounds/clearing/CO_Enviornments_Parallaxpsd_v1_0000_6.png","mesh_path":"__builtin_standard_square"}},{"TransformComponent":{"position":[3394.48681640625,-169.2017822265625],"layer_z":32.32400131225586,"scale":[1920.0,782.1790161132813],"rotation":0.0}}]},{"name":"Empty Entity(41)","version":1,"alive":false,"components":[{"RenderComponent":{"texture_path":"art/env/backgrounds/clearing/CO_Enviornments_Parallaxpsd_v1_0000_6.png","mesh_path":"__builtin_standard_square"}},{"TransformComponent":{"position":[7234.48681640625,-169.2017822265625],"layer_z":32.32400131225586,"scale":[1920.0,782.1790161132813],"rotation":0.0}}]},{"name":"Empty Entity(42)","version":1,"alive":false,"components":[{"RenderComponent":{"texture_path":"art/env/backgrounds/clearing/CO_Enviornments_Parallaxpsd_v1_0000_6.png","mesh_path":"__builtin_standard_square"}},{"TransformComponent":{"position":[11074.486328125,-169.2017822265625],"layer_z":32.32400131225586,"scale":[1920.0,782.1790161132813],"rotation":0.0}}]},{"name":"Empty Entity(43)","version":1,"alive":false,"components":[{"RenderComponent":{"texture_path":"art/env/backgrounds/clearing/CO_Enviornments_Parallaxpsd_v1_0000_6.png","mesh_path":"__builtin_standard_square"}},{"TransformComponent":{"position":[14914.486328125,-169.2017822265625],"layer_z":32.32400131225586,"scale":[1920.0,782.1790161132813],"rotation":0.0}}]},{"name":"Empty Entity(44)","version":1,"alive":false,"components":[{"RenderComponent":{"texture_path":"art/env/backgrounds/clearing/CO_Enviornments_Parallaxpsd_v1_0000_6.png","mesh_path":"__builtin_standard_square"}},{"TransformComponent":{"position":[-4285.51318359375,-169.2017822265625],"layer_z":32.32400131225586,"scale":[1920.0,782.1790161132813],"rotation":0.0}}]},{"name":"Empty Entity(45)","version":1,"alive":false,"components":[{"RenderComponent":{"texture_path":"art/env/backgrounds/clearing/CO_Enviornments_Parallaxpsd_v1_0000_6.png","mesh_path":"__builtin_standard_square"}},{"TransformComponent":{"position":[-8125.51318359375,-169.2017822265625],"layer_z":32.32400131225586,"scale":[1920.0,782.1790161132813],"rotation":0.0}}]},{"name":"Empty Entity(46)","version":1,"alive":false,"components":[{"RenderComponent":{"texture_path":"art/env/backgrounds/clearing/CO_Enviornments_Parallaxpsd_v1_0000_6.png","mesh_path":"__builtin_standard_square"}},{"TransformComponent":{"position":[-11965.513671875,-169.2017822265625],"layer_z":32.32400131225586,"scale":[1920.0,782.1790161132813],"rotation":0.0}}]},{"name":"Empty Entity(47)","version":1,"alive":false,"components":[{"RenderComponent":{"texture_path":"art/env/backgrounds/clearing/CO_Enviornments_Parallaxpsd_v1_0000_6.png","mesh_path":"__builtin_standard_square"}},{"TransformComponent":{"position":[-15805.513671875,-169.2017822265625],"layer_z":32.32400131225586,"scale":[1920.0,782.1790161132813],"rotation":0.0}}]},{"name":"Empty Entity(48)","version":1,"alive":false,"components":[{"RenderComponent":{"texture_path":"art/env/backgrounds/clearing/CO_Enviornments_Parallaxpsd_v1_0000_6.png","mesh_path":"__builtin_standard_square"}},{"TransformComponent":{"position":[-19645.513671875,-169.2017822265625],"layer_z":32.32400131225586,"scale":[1920.0,782.1790161132813],"rotation":0.0}}]},{"name":"Entity 0.1(0)","version":1,"alive":false,"components":[{"RenderComponent":{"texture_path":"art/env/backgrounds/clearing/CO_Enviornments_Parallaxpsd_v1_0000_8.png","mesh_path":"__builtin_standard_square"}},{"TransformComponent":{"position":[3343.71435546875,578.552001953125],"layer_z":59.031982421875,"scale":[1920.0,946.5984497070313],"rotation":0.0}}]},{"name":"art/env/Props/SB_environments_bush09_v1.png(1)","version":2,"alive":true,"components":[{"RenderComponent":{"texture_path":"art/env/Props/SB_environments_bush09_v1.png","mesh_path":"__builtin_standard_square"}},{"TransformComponent":{"position":[237.44970703125,-185.68276977539063],"layer_z":2.0299999713897705,"scale":[-263.0,75.5],"rotation":0.0}}]},{"name":"art/env/Props/SB_environments_bush09_v1.png(0)","version":2,"alive":true,"components":[{"RenderComponent":{"texture_path":"art/env/Props/SB_environments_bush09_v1.png","mesh_path":"__builtin_standard_square"}},{"TransformComponent":{"position":[1141.45556640625,-130.2407684326172],"layer_z":2.0,"scale":[388.5,110.5],"rotation":0.0}}]},{"name":"art/env/Props/SB_environments_bush09_v1.png","version":2,"alive":true,"components":[{"RenderComponent":{"texture_path":"art/env/Props/SB_environments_bush09_v1.png","mesh_path":"__builtin_standard_square"}},{"TransformComponent":{"position":[863.931640625,-147.56773376464844],"layer_z":2.0,"scale":[245.1750030517578,81.33474731445313],"rotation":0.0}}]},{"name":"art/env/Backgrounds/Tree/CO_Enviornments_PolishedBackgroundParallax_v2_7.png","version":2,"alive":true,"components":[{"RenderComponent":{"texture_path":"art/env/Backgrounds/Tree/CO_Enviornments_PolishedBackgroundParallax_v2_7.png","mesh_path":"__builtin_standard_square"}},{"TransformComponent":{"position":[55.89099884033203,1980.8909912109375],"layer_z":80.0,"scale":[1021.447021484375,558.0],"rotation":0.0}}]},{"name":"art/env/Backgrounds/Tree/CO_Enviornments_PolishedBackgroundParallax_v2_10.png(2)","version":2,"alive":true,"components":[{"RenderComponent":{"texture_path":"art/env/Backgrounds/Tree/CO_Enviornments_PolishedBackgroundParallax_v2_10.png","mesh_path":"__builtin_standard_square"}},{"TransformComponent":{"position":[-4470.056640625,2477.93212890625],"layer_z":1.9550000429153442,"scale":[5300.34375,5384.43701171875],"rotation":0.0}}]},{"name":"art/env/Backgrounds/Tree/CO_Enviornments_PolishedBackgroundParallax_v2_2.png","version":3,"alive":true,"components":[{"RenderComponent":{"texture_path":"art/env/Backgrounds/Tree/CO_Enviornments_PolishedBackgroundParallax_v2_2.png","mesh_path":"__builtin_standard_square"}},{"TransformComponent":{"position":[-4839.46923828125,818.4658813476563],"layer_z":2.0299999713897705,"scale":[-3935.580078125,3340.290283203125],"rotation":0.0}}]},{"name":"art/env/Backgrounds/Tree/CO_Enviornments_PolishedBackgroundParallax_v2_8.png","version":2,"alive":true,"components":[{"RenderComponent":{"texture_path":"art/env/Backgrounds/Tree/CO_Enviornments_PolishedBackgroundParallax_v2_8.png","mesh_path":"__builtin_standard_square"}},{"TransformComponent":{"position":[47.58399963378906,1912.1669921875],"layer_z":90.0,"scale":[4002.069091796875,2369.384033203125],"rotation":0.0}}]},{"name":"art/env/Backgrounds/Tree/CO_Enviornments_PolishedBackgroundParallax_v2_9.png(0)","version":2,"alive":true,"components":[{"RenderComponent":{"texture_path":"art/env/Backgrounds/Tree/CO_Enviornments_PolishedBackgroundParallax_v2_9.png","mesh_path":"__builtin_standard_square"}},{"TransformComponent":{"position":[22727.63671875,2135.5908203125],"layer_z":20.0,"scale":[-10161.140625,3422.5341796875],"rotation":0.0}}]},{"name":"art/env/Backgrounds/Tree/CO_Enviornments_PolishedBackgroundParallax_v2_9.png","version":2,"alive":true,"components":[{"RenderComponent":{"texture_path":"art/env/Backgrounds/Tree/CO_Enviornments_PolishedBackgroundParallax_v2_9.png","mesh_path":"__builtin_standard_square"}},{"TransformComponent":{"position":[2778.950439453125,-169.93325805664063],"layer_z":20.0,"scale":[9341.140625,3043.533935546875],"rotation":0.0}}]},{"name":"character/groundbrick.png(8)","version":3,"alive":true,"components":[{"RenderComponent":{"texture_path":"art/character/groundbrick.png","mesh_path":"__builtin_standard_square"}},{"TransformComponent":{"position":[62999.58984375,2898.068603515625],"layer_z":2.0,"scale":[5549.19482421875,4555.0498046875],"rotation":0.0}},{"PhysicsComponent":{"velocity":[0.0,0.0],"acceleration":[0.0,0.0],"force":[0.0,0.0],"mass":-1.0,"coeff_friction":0.10000000149011612}},{"AABBComponent":{"box":[11098.3896484375,9110.099609375]}}]},{"name":"Ground(1)","version":1,"alive":true,"components":[{"TransformComponent":{"position":[5225.7685546875,265.09930419921875],"layer_z":2.0,"scale":[1314.177001953125,625.584228515625],"rotation":0.0}},{"PhysicsComponent":{"velocity":[0.0,0.0],"acceleration":[0.0,0.0],"force":[0.0,0.0],"mass":-1.0,"coeff_friction":0.10000000149011612}},{"TriggerVolumeComponent":{"onEnter":"","onEnterParams":"","onStay":"frame camera","onStayParams":"{\"left_edge_zoom\":0.3799999952316284,\"right_edge_zoom\":0.30000001192092896}","onExit":"","onExitParams":"","targetEntityName":"LightBox"}}]},{"name":"art/env/Backgrounds/Tree/CO_Enviornments_PolishedBackgroundParallax_v2_13.png","version":2,"alive":true,"components":[{"RenderComponent":{"texture_path":"art/env/Backgrounds/Tree/CO_Enviornments_PolishedBackgroundParallax_v2_13.png","mesh_path":"__builtin_standard_square"}},{"TransformComponent":{"position":[5.0,400.0],"layer_z":100.0,"scale":[2200.0,1200.0],"rotation":0.0}}]}],"emptyIndices":[50,51,52,53,54,55,56,57,58,59,60,61,62,63,64,65,66,67,68,7]}