{
  
  "world": [
    {
      "name": "space boy",
      "version": 1,
      "alive": true,
      "components": [
        {
          "TransformComponent": {
            "position": [ 0.0, -960.0 ],
            "layer_z": 2.0,
            "scale": [ 2.5, 2.5 ]
          }
        },
        {
          "SkinnedRenderComponent": {
            "atlas_file_path": "assets\\spine\\spineboy-pma.atlas",
            "json_file_path": "assets\\spine\\spineboy-pro.json",
            "scale": 1.0,
            "currAnimation": "idle"
          }
        }
      ]
    }
  ],
  "emptyIndices": []
}