{
  "world": [
    {
      "name": "Entity 0.1",
      "version": 1,
      "alive": true,
      "alive": true,
      "components": [
        {
          "TransformComponent": {
            "position": [
              0.10000000149011612,
              0.0
            ],
            "layer_z": 2.0,
            "scale": [
              -300.0,
              137.31419372558594
            ]
          }
        },
        {
          "SkinnedRenderComponent": {
            "atlas_file_path": "assets\\spine\\SB_Character_DeerSpineCutout01_v1.atlas",
            "json_file_path": "assets\\spine\\SB_Character_DeerSpineCutout01_v1.json",
            "scale": 1.0,
            "currAnimation": "Run",
            "max_dimension": 1951.0,
            "atlas_width": 1951.0,
            "atlas_height": 893.0,
            "width": -300.0,
            "height": 137.31419372558594,
            "initial_target": 300
          }
        }
      ]
    }
  ],
  "emptyIndices": []
}