{"camera":{"position":[-14181.15234375,3413.208251953125],"target_position":[-14181.15234375,3413.208251953125],"screen_size":[1280.0,720.0],"min_bound":[-23170.0,-3050.0],"max_bound":[309560.0,68190.0],"zoom":0.1817418485879898,"target_zoom":0.1817418485879898},"world":[{"name":"art/env/Backgrounds/Tree/CO_Enviornments_PolishedBackgroundParallax_v2_12.png","version":2,"alive":true,"components":[{"RenderComponent":{"texture_path":"art/env/Backgrounds/Tree/CO_Enviornments_PolishedBackgroundParallax_v2_12.png","mesh_path":"__builtin_standard_square"}},{"TransformComponent":{"position":[-16.43413734436035,7.670273303985596],"layer_z":50.0,"scale":[2126.22802734375,2133.60498046875],"rotation":0.0}}]},{"name":"Ground(3)","version":2,"alive":true,"components":[{"RenderComponent":{"texture_path":"art/character/groundbrick.png","mesh_path":"__builtin_standard_square"}},{"TransformComponent":{"position":[3213.96875,-190.5084228515625],"layer_z":2.0,"scale":[1522.464599609375,94.3365478515625],"rotation":0.0}},{"PhysicsComponent":{"velocity":[0.0,0.0],"acceleration":[0.0,0.0],"force":[0.0,0.0],"mass":-1.0,"coeff_friction":0.10000000149011612}},{"AABBComponent":{"box":[0.0,0.0],"tag":3}}]},{"name":"Deer0","version":1,"alive":true,"components":[{"TransformComponent":{"position":[-8145.34423828125,-152.973388671875],"layer_z":2.0,"scale":[-218.4770050048828,100.0],"rotation":0.0}},{"PhysicsComponent":{"velocity":[2.802596928649634e-45,0.0],"acceleration":[0.0,-980.0],"force":[0.0,0.0],"mass":1.0,"coeff_friction":0.10000000149011612}},{"SkinnedRenderComponent":{"atlas_file_path":"art/character/deer/SB_Character_DeerSpineCutout01_v1.atlas","json_file_path":"art/character/deer/SB_Character_DeerSpineCutout01_v1.json","scale":1.0,"currAnimation":"Idle","max_dimension":1951.0,"atlas_width":1951.0,"atlas_height":893.0,"width":-300.0,"height":137.31419372558594,"initial_target":300}},{"AABBComponent":{"box":[436.9540100097656,200.0],"tag":3}},{"AnimalComponent":{"animalType":1}}]},{"name":"Ground(43)","version":4,"alive":true,"components":[{"RenderComponent":{"texture_path":"art/character/groundbrick.png","mesh_path":"__builtin_standard_square"}},{"TransformComponent":{"position":[82290.140625,10361.54296875],"layer_z":2.0,"scale":[345.3321838378906,228.15965270996094],"rotation":0.0}},{"PhysicsComponent":{"velocity":[0.0,0.0],"acceleration":[0.0,0.0],"force":[0.0,0.0],"mass":-1.0,"coeff_friction":0.10000000149011612}},{"AABBComponent":{"box":[0.0,0.0],"tag":3}}]},{"name":"Deer0(6)","version":2,"alive":true,"components":[{"TransformComponent":{"position":[104659.1171875,19144.806640625],"layer_z":2.0,"scale":[-218.4770050048828,100.0],"rotation":0.0}},{"PhysicsComponent":{"velocity":[2.802596928649634e-45,0.0],"acceleration":[0.0,-980.0],"force":[0.0,0.0],"mass":1.0,"coeff_friction":0.10000000149011612}},{"SkinnedRenderComponent":{"atlas_file_path":"art/character/deer/SB_Character_DeerSpineCutout01_v1.atlas","json_file_path":"art/character/deer/SB_Character_DeerSpineCutout01_v1.json","scale":1.0,"currAnimation":"Idle","max_dimension":1951.0,"atlas_width":1951.0,"atlas_height":893.0,"width":-300.0,"height":137.31419372558594,"initial_target":300}},{"AABBComponent":{"box":[436.9540100097656,200.0],"tag":3}},{"AnimalComponent":{"animalType":1}}]},{"name":"Ground(68)","version":2,"alive":true,"components":[{"RenderComponent":{"texture_path":"art/character/groundbrick.png","mesh_path":"__builtin_standard_square"}},{"TransformComponent":{"position":[136622.21875,10330.609375],"layer_z":2.0,"scale":[5037.7841796875,3141.67431640625],"rotation":0.0}},{"PhysicsComponent":{"velocity":[0.0,0.0],"acceleration":[0.0,0.0],"force":[0.0,0.0],"mass":-1.0,"coeff_friction":0.10000000149011612}},{"AABBComponent":{"box":[0.0,0.0],"tag":3}}]},{"name":"Ground","version":1,"alive":true,"components":[{"RenderComponent":{"texture_path":"art/character/groundbrick.png","mesh_path":"__builtin_standard_square"}},{"TransformComponent":{"position":[-5046.07177734375,-1807.083740234375],"layer_z":2.0,"scale":[5341.1689453125,1515.7178955078125],"rotation":0.0}},{"PhysicsComponent":{"velocity":[0.0,0.0],"acceleration":[0.0,0.0],"force":[0.0,0.0],"mass":-1.0,"coeff_friction":0.10000000149011612}},{"AABBComponent":{"box":[0.0,0.0],"tag":3}}]},{"name":"Camera Zoomer(2)","version":2,"alive":true,"components":[{"TransformComponent":{"position":[7347.5,496.5],"layer_z":2.0,"scale":[200.0,200.0],"rotation":0.0}},{"TriggerVolumeComponent":{"onEnter":"frame camera","onEnterParams":"{\"left_edge_zoom\":0.5,\"right_edge_zoom\":0.5}","onStay":"","onStayParams":"","onExit":"","onExitParams":"","targetEntityName":"LightBox"}}]},{"name":"Ground(45)","version":4,"alive":true,"components":[{"RenderComponent":{"texture_path":"art/character/groundbrick.png","mesh_path":"__builtin_standard_square"}},{"TransformComponent":{"position":[90028.0390625,9421.19921875],"layer_z":2.0,"scale":[3262.1328125,745.3360595703125],"rotation":0.0}},{"PhysicsComponent":{"velocity":[0.0,0.0],"acceleration":[0.0,0.0],"force":[0.0,0.0],"mass":-1.0,"coeff_friction":0.10000000149011612}},{"AABBComponent":{"box":[0.0,0.0],"tag":3}}]},{"name":"Ground(62)","version":2,"alive":true,"components":[{"RenderComponent":{"texture_path":"art/character/groundbrick.png","mesh_path":"__builtin_standard_square"}},{"TransformComponent":{"position":[119101.625,23953.927734375],"layer_z":2.0,"scale":[3073.59765625,617.4110107421875],"rotation":0.0}},{"PhysicsComponent":{"velocity":[0.0,0.0],"acceleration":[0.0,0.0],"force":[0.0,0.0],"mass":-1.0,"coeff_friction":0.10000000149011612}},{"AABBComponent":{"box":[0.0,0.0],"tag":3}}]},{"name":"Win Sapling","version":1,"alive":true,"components":[{"RenderComponent":{"texture_path":"art/env/props/SB_environments_sapling02_v1.png","mesh_path":"__builtin_standard_square"}},{"TransformComponent":{"position":[146504.953125,26588.87109375],"layer_z":2.0,"scale":[342.0424499511719,341.7500915527344],"rotation":0.0}},{"TriggerVolumeComponent":{"onEnter":"you win","onEnterParams":"","onStay":"","onStayParams":"","onExit":"","onExitParams":"","targetEntityName":"LightBox"}}]},{"name":"Ground(58)","version":3,"alive":true,"components":[{"RenderComponent":{"texture_path":"art/character/groundbrick.png","mesh_path":"__builtin_standard_square"}},{"TransformComponent":{"position":[101986.4765625,19978.76953125],"layer_z":2.0,"scale":[339.9337463378906,949.156494140625],"rotation":0.0}},{"PhysicsComponent":{"velocity":[0.0,0.0],"acceleration":[0.0,0.0],"force":[0.0,0.0],"mass":-1.0,"coeff_friction":0.10000000149011612}},{"AABBComponent":{"box":[0.0,0.0],"tag":3}}]},{"name":"Ground(51)","version":4,"alive":true,"components":[{"RenderComponent":{"texture_path":"art/character/groundbrick.png","mesh_path":"__builtin_standard_square"}},{"TransformComponent":{"position":[97846.6875,13955.7880859375],"layer_z":2.0,"scale":[671.7135009765625,1764.60791015625],"rotation":0.0}},{"PhysicsComponent":{"velocity":[0.0,0.0],"acceleration":[0.0,0.0],"force":[0.0,0.0],"mass":-1.0,"coeff_friction":0.10000000149011612}},{"AABBComponent":{"box":[0.0,0.0],"tag":3}}]},{"name":"Ground(9)","version":5,"alive":true,"components":[{"RenderComponent":{"texture_path":"art/character/groundbrick.png","mesh_path":"__builtin_standard_square"}},{"TransformComponent":{"position":[17021.130859375,6204.34228515625],"layer_z":2.0,"scale":[241.0634765625,2164.617431640625],"rotation":0.0}},{"PhysicsComponent":{"velocity":[0.0,0.0],"acceleration":[0.0,0.0],"force":[0.0,0.0],"mass":-1.0,"coeff_friction":0.10000000149011612}},{"AABBComponent":{"box":[0.0,0.0],"tag":3}}]},{"name":"Ground(65)","version":2,"alive":true,"components":[{"RenderComponent":{"texture_path":"art/character/groundbrick.png","mesh_path":"__builtin_standard_square"}},{"TransformComponent":{"position":[115874.875,24976.380859375],"layer_z":2.0,"scale":[195.02955627441406,415.39990234375],"rotation":0.0}},{"PhysicsComponent":{"velocity":[0.0,0.0],"acceleration":[0.0,0.0],"force":[0.0,0.0],"mass":-1.0,"coeff_friction":0.10000000149011612}},{"AABBComponent":{"box":[0.0,0.0],"tag":3}}]},{"name":"Ground(2)","version":4,"alive":true,"components":[{"RenderComponent":{"texture_path":"art/character/groundbrick.png","mesh_path":"__builtin_standard_square"}},{"TransformComponent":{"position":[5636.26611328125,-1807.083740234375],"layer_z":2.0,"scale":[5341.1689453125,1515.7178955078125],"rotation":0.0}},{"PhysicsComponent":{"velocity":[0.0,0.0],"acceleration":[0.0,0.0],"force":[0.0,0.0],"mass":-1.0,"coeff_friction":0.10000000149011612}},{"AABBComponent":{"box":[0.0,0.0],"tag":3}}]},{"name":"art/env/Backgrounds/Tree/CO_Enviornments_PolishedBackgroundParallax_v2_13.png(0)","version":3,"alive":true,"components":[{"RenderComponent":{"texture_path":"art/env/Backgrounds/Tree/CO_Enviornments_PolishedBackgroundParallax_v2_13.png","mesh_path":"__builtin_standard_square"}},{"TransformComponent":{"position":[4405.0,400.0],"layer_z":100.0,"scale":[2200.0,1200.0],"rotation":0.0}}]},{"name":"Ground(50)","version":5,"alive":true,"components":[{"RenderComponent":{"texture_path":"art/character/groundbrick.png","mesh_path":"__builtin_standard_square"}},{"TransformComponent":{"position":[96402.9765625,11390.4755859375],"layer_z":2.0,"scale":[2102.164794921875,802.5099487304688],"rotation":0.0}},{"PhysicsComponent":{"velocity":[0.0,0.0],"acceleration":[0.0,0.0],"force":[0.0,0.0],"mass":-1.0,"coeff_friction":0.10000000149011612}},{"AABBComponent":{"box":[0.0,0.0],"tag":3}}]},{"name":"New Plant(13)","version":3,"alive":true,"components":[{"RenderComponent":{"texture_path":"art/env/Props/SB_environments_flower06_v1.png","mesh_path":"__builtin_standard_square"}},{"TransformComponent":{"position":[118992.7734375,24781.14453125],"layer_z":2.0,"scale":[207.28346252441406,204.53616333007813],"rotation":0.0}},{"PhysicsComponent":{"velocity":[0.0,0.0],"acceleration":[0.0,0.0],"force":[0.0,0.0],"mass":-1.0,"coeff_friction":999.0}},{"AABBComponent":{"box":[0.0,0.0],"tag":3}},{"AnimalComponent":{"animalType":2}}]},{"name":"Deer0(5)","version":5,"alive":true,"components":[{"TransformComponent":{"position":[74969.7890625,10279.7109375],"layer_z":2.0,"scale":[-218.4770050048828,100.0],"rotation":0.0}},{"PhysicsComponent":{"velocity":[2.802596928649634e-45,0.0],"acceleration":[0.0,-980.0],"force":[0.0,0.0],"mass":1.0,"coeff_friction":0.10000000149011612}},{"SkinnedRenderComponent":{"atlas_file_path":"art/character/deer/SB_Character_DeerSpineCutout01_v1.atlas","json_file_path":"art/character/deer/SB_Character_DeerSpineCutout01_v1.json","scale":1.0,"currAnimation":"Idle","max_dimension":1951.0,"atlas_width":1951.0,"atlas_height":893.0,"width":-300.0,"height":137.31419372558594,"initial_target":300}},{"AABBComponent":{"box":[436.9540100097656,200.0],"tag":3}},{"AnimalComponent":{"animalType":1}}]},{"name":"character/groundbrick.png(7)","version":1,"alive":true,"components":[{"RenderComponent":{"texture_path":"art/character/groundbrick.png","mesh_path":"__builtin_standard_square"}},{"TransformComponent":{"position":[18148.966796875,-1923080448.0],"layer_z":2.0,"scale":[1865.08154296875,95.61702728271484],"rotation":0.0}},{"PhysicsComponent":{"velocity":[0.0,-1942039.375],"acceleration":[0.0,-980.0],"force":[0.0,0.0],"mass":1.0,"coeff_friction":0.10000000149011612}},{"AABBComponent":{"box":[3730.1630859375,191.2340545654297],"tag":3}}]},{"name":"art/env/Backgrounds/Tree/CO_Enviornments_PolishedBackgroundParallax_v2_13.png(1)","version":3,"alive":true,"components":[{"RenderComponent":{"texture_path":"art/env/Backgrounds/Tree/CO_Enviornments_PolishedBackgroundParallax_v2_13.png","mesh_path":"__builtin_standard_square"}},{"TransformComponent":{"position":[8805.0,400.0],"layer_z":100.0,"scale":[2200.0,1200.0],"rotation":0.0}}]},{"name":"character/groundbrick.png(9)","version":1,"alive":true,"components":[{"RenderComponent":{"texture_path":"art/character/groundbrick.png","mesh_path":"__builtin_standard_square"}},{"TransformComponent":{"position":[18649.671875,-1923079808.0],"layer_z":2.0,"scale":[1074.4957275390625,580.509765625],"rotation":0.0}},{"PhysicsComponent":{"velocity":[0.0,-1942039.375],"acceleration":[0.0,-980.0],"force":[0.0,0.0],"mass":1.0,"coeff_friction":0.10000000149011612}},{"AABBComponent":{"box":[2148.991455078125,1161.01953125],"tag":3}}]},{"name":"art/env/Backgrounds/Tree/CO_Enviornments_PolishedBackgroundParallax_v2_13.png(2)","version":3,"alive":true,"components":[{"RenderComponent":{"texture_path":"art/env/Backgrounds/Tree/CO_Enviornments_PolishedBackgroundParallax_v2_13.png","mesh_path":"__builtin_standard_square"}},{"TransformComponent":{"position":[13205.0,400.0],"layer_z":100.0,"scale":[2200.0,1200.0],"rotation":0.0}}]},{"name":"art/env/Backgrounds/Tree/CO_Enviornments_PolishedBackgroundParallax_v2_13.png(3)","version":2,"alive":true,"components":[{"RenderComponent":{"texture_path":"art/env/Backgrounds/Tree/CO_Enviornments_PolishedBackgroundParallax_v2_13.png","mesh_path":"__builtin_standard_square"}},{"TransformComponent":{"position":[17605.0,400.0],"layer_z":100.0,"scale":[2200.0,1200.0],"rotation":0.0}}]},{"name":"art/env/Backgrounds/Tree/CO_Enviornments_PolishedBackgroundParallax_v2_13.png(4)","version":2,"alive":true,"components":[{"RenderComponent":{"texture_path":"art/env/Backgrounds/Tree/CO_Enviornments_PolishedBackgroundParallax_v2_13.png","mesh_path":"__builtin_standard_square"}},{"TransformComponent":{"position":[17605.0,2800.0],"layer_z":100.0,"scale":[2200.0,1200.0],"rotation":0.0}}]},{"name":"art/env/Backgrounds/Tree/CO_Enviornments_PolishedBackgroundParallax_v2_13.png(5)","version":2,"alive":true,"components":[{"RenderComponent":{"texture_path":"art/env/Backgrounds/Tree/CO_Enviornments_PolishedBackgroundParallax_v2_13.png","mesh_path":"__builtin_standard_square"}},{"TransformComponent":{"position":[13205.0,2800.0],"layer_z":100.0,"scale":[2200.0,1200.0],"rotation":0.0}}]},{"name":"art/env/Backgrounds/Tree/CO_Enviornments_PolishedBackgroundParallax_v2_13.png(6)","version":2,"alive":true,"components":[{"RenderComponent":{"texture_path":"art/env/Backgrounds/Tree/CO_Enviornments_PolishedBackgroundParallax_v2_13.png","mesh_path":"__builtin_standard_square"}},{"TransformComponent":{"position":[8805.0,2800.0],"layer_z":100.0,"scale":[2200.0,1200.0],"rotation":0.0}}]},{"name":"art/env/Backgrounds/Tree/CO_Enviornments_PolishedBackgroundParallax_v2_13.png(7)","version":2,"alive":true,"components":[{"RenderComponent":{"texture_path":"art/env/Backgrounds/Tree/CO_Enviornments_PolishedBackgroundParallax_v2_13.png","mesh_path":"__builtin_standard_square"}},{"TransformComponent":{"position":[4405.0,2800.0],"layer_z":100.0,"scale":[2200.0,1200.0],"rotation":0.0}}]},{"name":"art/env/Backgrounds/Tree/CO_Enviornments_PolishedBackgroundParallax_v2_13.png(8)","version":2,"alive":true,"components":[{"RenderComponent":{"texture_path":"art/env/Backgrounds/Tree/CO_Enviornments_PolishedBackgroundParallax_v2_13.png","mesh_path":"__builtin_standard_square"}},{"TransformComponent":{"position":[5.0,2800.0],"layer_z":100.0,"scale":[2200.0,1200.0],"rotation":0.0}}]},{"name":"art/env/Backgrounds/Tree/CO_Enviornments_PolishedBackgroundParallax_v2_13.png(9)","version":2,"alive":true,"components":[{"RenderComponent":{"texture_path":"art/env/Backgrounds/Tree/CO_Enviornments_PolishedBackgroundParallax_v2_13.png","mesh_path":"__builtin_standard_square"}},{"TransformComponent":{"position":[6018.3037109375,3685.576416015625],"layer_z":10000.0,"scale":[18205.94921875,6681.48974609375],"rotation":0.0}}]},{"name":"art/env/Backgrounds/Tree/CO_Enviornments_PolishedBackgroundParallax_v2_13.png(10)","version":2,"alive":true,"components":[{"RenderComponent":{"texture_path":"art/env/Backgrounds/Tree/CO_Enviornments_PolishedBackgroundParallax_v2_13.png","mesh_path":"__builtin_standard_square"}},{"TransformComponent":{"position":[22005.0,400.0],"layer_z":100.0,"scale":[2200.0,1200.0],"rotation":0.0}}]},{"name":"art/env/Backgrounds/Tree/CO_Enviornments_PolishedBackgroundParallax_v2_12.png(2)","version":4,"alive":true,"components":[{"RenderComponent":{"texture_path":"art/env/Backgrounds/Tree/CO_Enviornments_PolishedBackgroundParallax_v2_12.png","mesh_path":"__builtin_standard_square"}},{"TransformComponent":{"position":[10516.4765625,4533.88134765625],"layer_z":50.0,"scale":[2633.2275390625,2263.10546875],"rotation":0.0}}]},{"name":"art/env/Backgrounds/Tree/CO_Enviornments_PolishedBackgroundParallax_v2_12.png(1)","version":4,"alive":true,"components":[{"RenderComponent":{"texture_path":"art/env/Backgrounds/Tree/CO_Enviornments_PolishedBackgroundParallax_v2_12.png","mesh_path":"__builtin_standard_square"}},{"TransformComponent":{"position":[10516.4765625,7.670273303985596],"layer_z":50.0,"scale":[2633.2275390625,2263.10546875],"rotation":0.0}}]},{"name":"art/env/Backgrounds/Tree/CO_Enviornments_PolishedBackgroundParallax_v2_12.png(0)","version":5,"alive":true,"components":[{"RenderComponent":{"texture_path":"art/env/Backgrounds/Tree/CO_Enviornments_PolishedBackgroundParallax_v2_12.png","mesh_path":"__builtin_standard_square"}},{"TransformComponent":{"position":[5250.021484375,7.670273303985596],"layer_z":50.0,"scale":[-2633.22802734375,2263.10546875],"rotation":0.0}}]},{"name":"art/env/Backgrounds/Tree/CO_Enviornments_PolishedBackgroundParallax_v2_12.png(3)","version":3,"alive":true,"components":[{"RenderComponent":{"texture_path":"art/env/Backgrounds/Tree/CO_Enviornments_PolishedBackgroundParallax_v2_12.png","mesh_path":"__builtin_standard_square"}},{"TransformComponent":{"position":[15782.931640625,4533.88134765625],"layer_z":50.0,"scale":[-2633.22802734375,2263.10546875],"rotation":0.0}}]},{"name":"art/env/Backgrounds/Tree/CO_Enviornments_PolishedBackgroundParallax_v2_12.png(4)","version":4,"alive":true,"components":[{"RenderComponent":{"texture_path":"art/env/Backgrounds/Tree/CO_Enviornments_PolishedBackgroundParallax_v2_12.png","mesh_path":"__builtin_standard_square"}},{"TransformComponent":{"position":[21049.38671875,4533.88134765625],"layer_z":50.0,"scale":[2633.2275390625,2263.10546875],"rotation":0.0}}]},{"name":"Ground(67)","version":5,"alive":true,"components":[{"RenderComponent":{"texture_path":"art/character/groundbrick.png","mesh_path":"__builtin_standard_square"}},{"TransformComponent":{"position":[126505.78125,14909.12890625],"layer_z":2.0,"scale":[5037.7841796875,3141.67431640625],"rotation":0.0}},{"PhysicsComponent":{"velocity":[0.0,0.0],"acceleration":[0.0,0.0],"force":[0.0,0.0],"mass":-1.0,"coeff_friction":0.10000000149011612}},{"AABBComponent":{"box":[0.0,0.0],"tag":3}}]},{"name":"art/env/Backgrounds/Tree/CO_Enviornments_PolishedBackgroundParallax_v2_12.png(5)","version":2,"alive":true,"components":[{"RenderComponent":{"texture_path":"art/env/Backgrounds/Tree/CO_Enviornments_PolishedBackgroundParallax_v2_12.png","mesh_path":"__builtin_standard_square"}},{"TransformComponent":{"position":[21049.38671875,7.67041015625],"layer_z":50.0,"scale":[2633.2275390625,2263.10546875],"rotation":0.0}}]},{"name":"art/env/Backgrounds/Tree/CO_Enviornments_PolishedBackgroundParallax_v2_12.png(6)","version":2,"alive":true,"components":[{"RenderComponent":{"texture_path":"art/env/Backgrounds/Tree/CO_Enviornments_PolishedBackgroundParallax_v2_12.png","mesh_path":"__builtin_standard_square"}},{"TransformComponent":{"position":[15782.931640625,7.67041015625],"layer_z":50.0,"scale":[-2633.22802734375,2263.10546875],"rotation":0.0}}]},{"name":"Ground(59)","version":4,"alive":true,"components":[{"RenderComponent":{"texture_path":"art/character/groundbrick.png","mesh_path":"__builtin_standard_square"}},{"TransformComponent":{"position":[116370.1015625,18457.33203125],"layer_z":2.0,"scale":[5091.25439453125,567.4125366210938],"rotation":0.0}},{"PhysicsComponent":{"velocity":[0.0,0.0],"acceleration":[0.0,0.0],"force":[0.0,0.0],"mass":-1.0,"coeff_friction":0.10000000149011612}},{"AABBComponent":{"box":[0.0,0.0],"tag":3}}]},{"name":"art/env/Backgrounds/Tree/CO_Enviornments_PolishedBackgroundParallax_v2_11.png","version":2,"alive":true,"components":[{"RenderComponent":{"texture_path":"art/env/Backgrounds/Tree/CO_Enviornments_PolishedBackgroundParallax_v2_11.png","mesh_path":"__builtin_standard_square"}},{"TransformComponent":{"position":[723.1756591796875,741.7670288085938],"layer_z":70.0,"scale":[12947.1826171875,3970.302978515625],"rotation":0.0}}]},{"name":"New Plant(10)","version":5,"alive":true,"components":[{"RenderComponent":{"texture_path":"art/env/Props/SB_environments_flower06_v1.png","mesh_path":"__builtin_standard_square"}},{"TransformComponent":{"position":[98725.1484375,12452.322265625],"layer_z":2.0,"scale":[266.7730712890625,200.61331176757813],"rotation":-1.5707963705062866}},{"PhysicsComponent":{"velocity":[0.0,0.0],"acceleration":[0.0,0.0],"force":[0.0,0.0],"mass":-1.0,"coeff_friction":999.0}},{"AABBComponent":{"box":[0.0,0.0],"tag":3}},{"AnimalComponent":{"animalType":2}}]},{"name":"Deer0(7)","version":5,"alive":true,"components":[{"TransformComponent":{"position":[126694.5,19185.408203125],"layer_z":2.0,"scale":[-218.4770050048828,100.0],"rotation":0.0}},{"PhysicsComponent":{"velocity":[2.802596928649634e-45,0.0],"acceleration":[0.0,-980.0],"force":[0.0,0.0],"mass":1.0,"coeff_friction":0.10000000149011612}},{"SkinnedRenderComponent":{"atlas_file_path":"art/character/deer/SB_Character_DeerSpineCutout01_v1.atlas","json_file_path":"art/character/deer/SB_Character_DeerSpineCutout01_v1.json","scale":1.0,"currAnimation":"Idle","max_dimension":1951.0,"atlas_width":1951.0,"atlas_height":893.0,"width":-300.0,"height":137.31419372558594,"initial_target":300}},{"AABBComponent":{"box":[436.9540100097656,200.0],"tag":3}},{"AnimalComponent":{"animalType":1}}]},{"name":"Ground(4)","version":3,"alive":true,"components":[{"RenderComponent":{"texture_path":"art/character/groundbrick.png","mesh_path":"__builtin_standard_square"}},{"TransformComponent":{"position":[7186.8359375,-193.52391052246094],"layer_z":2.0,"scale":[1522.464599609375,94.3365478515625],"rotation":0.0}},{"PhysicsComponent":{"velocity":[0.0,0.0],"acceleration":[0.0,0.0],"force":[0.0,0.0],"mass":-1.0,"coeff_friction":0.10000000149011612}},{"AABBComponent":{"box":[0.0,0.0],"tag":3}}]},{"name":"art/env/Backgrounds/Tree/CO_Enviornments_PolishedBackgroundParallax_v2_10.png(7)","version":6,"alive":true,"components":[{"TransformComponent":{"position":[-4297.5,0.0],"layer_z":2.0,"scale":[514.2861328125,397.56640625],"rotation":0.0}},{"TriggerVolumeComponent":{"onEnter":"","onEnterParams":"","onStay":"","onStayParams":"","onExit":"","onExitParams":"","targetEntityName":""}}]},{"name":"Ground(69)","version":4,"alive":true,"components":[{"RenderComponent":{"texture_path":"art/character/groundbrick.png","mesh_path":"__builtin_standard_square"}},{"TransformComponent":{"position":[148865.625,16672.982421875],"layer_z":2.0,"scale":[7214.9609375,9538.359375],"rotation":0.0}},{"PhysicsComponent":{"velocity":[0.0,0.0],"acceleration":[0.0,0.0],"force":[0.0,0.0],"mass":-1.0,"coeff_friction":0.10000000149011612}},{"AABBComponent":{"box":[0.0,0.0],"tag":3}}]},{"name":"Ground(46)","version":5,"alive":true,"components":[{"RenderComponent":{"texture_path":"art/character/groundbrick.png","mesh_path":"__builtin_standard_square"}},{"TransformComponent":{"position":[93790.703125,10424.3623046875],"layer_z":2.0,"scale":[510.12109375,2204.052734375],"rotation":0.0}},{"PhysicsComponent":{"velocity":[0.0,0.0],"acceleration":[0.0,0.0],"force":[0.0,0.0],"mass":-1.0,"coeff_friction":0.10000000149011612}},{"AABBComponent":{"box":[0.0,0.0],"tag":3}}]},{"name":"Deer0(8)","version":5,"alive":true,"components":[{"TransformComponent":{"position":[143704.046875,26334.76953125],"layer_z":2.0,"scale":[-218.4770050048828,100.0],"rotation":0.0}},{"PhysicsComponent":{"velocity":[2.802596928649634e-45,0.0],"acceleration":[0.0,-980.0],"force":[0.0,0.0],"mass":1.0,"coeff_friction":0.10000000149011612}},{"SkinnedRenderComponent":{"atlas_file_path":"art/character/deer/SB_Character_DeerSpineCutout01_v1.atlas","json_file_path":"art/character/deer/SB_Character_DeerSpineCutout01_v1.json","scale":1.0,"currAnimation":"Idle","max_dimension":1951.0,"atlas_width":1951.0,"atlas_height":893.0,"width":-300.0,"height":137.31419372558594,"initial_target":300}},{"AABBComponent":{"box":[436.9540100097656,200.0],"tag":3}},{"AnimalComponent":{"animalType":1}}]},{"name":"Ground(42)","version":7,"alive":true,"components":[{"RenderComponent":{"texture_path":"art/character/groundbrick.png","mesh_path":"__builtin_standard_square"}},{"TransformComponent":{"position":[78866.140625,10373.85546875],"layer_z":2.0,"scale":[345.3321838378906,228.15965270996094],"rotation":0.0}},{"PhysicsComponent":{"velocity":[0.0,0.0],"acceleration":[0.0,0.0],"force":[0.0,0.0],"mass":-1.0,"coeff_friction":0.10000000149011612}},{"AABBComponent":{"box":[0.0,0.0],"tag":3}}]},{"name":"Ground(52)","version":6,"alive":true,"components":[{"RenderComponent":{"texture_path":"art/character/groundbrick.png","mesh_path":"__builtin_standard_square"}},{"TransformComponent":{"position":[96416.5859375,9785.4560546875],"layer_z":2.0,"scale":[2102.164794921875,802.5099487304688],"rotation":0.0}},{"PhysicsComponent":{"velocity":[0.0,0.0],"acceleration":[0.0,0.0],"force":[0.0,0.0],"mass":-1.0,"coeff_friction":0.10000000149011612}},{"AABBComponent":{"box":[0.0,0.0],"tag":3}}]},{"name":"Ground(64)","version":5,"alive":true,"components":[{"RenderComponent":{"texture_path":"art/character/groundbrick.png","mesh_path":"__builtin_standard_square"}},{"TransformComponent":{"position":[122553.7890625,21802.60546875],"layer_z":2.0,"scale":[385.5370178222656,2783.135498046875],"rotation":0.0}},{"PhysicsComponent":{"velocity":[0.0,0.0],"acceleration":[0.0,0.0],"force":[0.0,0.0],"mass":-1.0,"coeff_friction":0.10000000149011612}},{"AABBComponent":{"box":[0.0,0.0],"tag":3}}]},{"name":"Camera Zoomer(1)","version":4,"alive":true,"components":[{"TransformComponent":{"position":[-8080.85205078125,245.5548553466797],"layer_z":2.0,"scale":[200.0,200.0],"rotation":0.0}},{"TriggerVolumeComponent":{"onEnter":"frame camera","onEnterParams":"{\"left_edge_zoom\":0.5,\"right_edge_zoom\":0.5}","onStay":"","onStayParams":"","onExit":"","onExitParams":"","targetEntityName":"LightBox"}}]},{"name":"Ground(8)","version":5,"alive":true,"components":[{"RenderComponent":{"texture_path":"art/character/groundbrick.png","mesh_path":"__builtin_standard_square"}},{"TransformComponent":{"position":[15220.7314453125,6215.48291015625],"layer_z":2.0,"scale":[241.0634765625,2164.617431640625],"rotation":0.0}},{"PhysicsComponent":{"velocity":[0.0,0.0],"acceleration":[0.0,0.0],"force":[0.0,0.0],"mass":-1.0,"coeff_friction":0.10000000149011612}},{"AABBComponent":{"box":[0.0,0.0],"tag":3}}]},{"name":"Ground(47)","version":5,"alive":true,"components":[{"RenderComponent":{"texture_path":"art/character/groundbrick.png","mesh_path":"__builtin_standard_square"}},{"TransformComponent":{"position":[93088.8984375,13047.1826171875],"layer_z":2.0,"scale":[1236.547607421875,443.391845703125],"rotation":0.0}},{"PhysicsComponent":{"velocity":[0.0,0.0],"acceleration":[0.0,0.0],"force":[0.0,0.0],"mass":-1.0,"coeff_friction":0.10000000149011612}},{"AABBComponent":{"box":[0.0,0.0],"tag":3}}]},{"name":"Ground(44)","version":4,"alive":true,"components":[{"RenderComponent":{"texture_path":"art/character/groundbrick.png","mesh_path":"__builtin_standard_square"}},{"TransformComponent":{"position":[84930.7578125,6095.29443359375],"layer_z":2.0,"scale":[1884.351806640625,2613.5908203125],"rotation":0.0}},{"PhysicsComponent":{"velocity":[0.0,0.0],"acceleration":[0.0,0.0],"force":[0.0,0.0],"mass":-1.0,"coeff_friction":0.10000000149011612}},{"AABBComponent":{"box":[0.0,0.0],"tag":3}}]},{"name":"Ground(53)","version":3,"alive":true,"components":[{"RenderComponent":{"texture_path":"art/character/groundbrick.png","mesh_path":"__builtin_standard_square"}},{"TransformComponent":{"position":[99783.890625,9813.5966796875],"layer_z":2.0,"scale":[1288.232666015625,769.0880126953125],"rotation":0.0}},{"PhysicsComponent":{"velocity":[0.0,0.0],"acceleration":[0.0,0.0],"force":[0.0,0.0],"mass":-1.0,"coeff_friction":0.10000000149011612}},{"AABBComponent":{"box":[0.0,0.0],"tag":3}}]},{"name":"New Plant(9)","version":4,"alive":true,"components":[{"RenderComponent":{"texture_path":"art/env/Props/SB_environments_flower06_v1.png","mesh_path":"__builtin_standard_square"}},{"TransformComponent":{"position":[80934.609375,8078.24169921875],"layer_z":2.0,"scale":[266.7730712890625,200.61331176757813],"rotation":1.5707963705062866}},{"PhysicsComponent":{"velocity":[0.0,0.0],"acceleration":[0.0,0.0],"force":[0.0,0.0],"mass":-1.0,"coeff_friction":999.0}},{"AABBComponent":{"box":[0.0,0.0],"tag":3}},{"AnimalComponent":{"animalType":2}}]},{"name":"New Plant(11)","version":3,"alive":true,"components":[{"RenderComponent":{"texture_path":"art/env/Props/SB_environments_flower06_v1.png","mesh_path":"__builtin_standard_square"}},{"TransformComponent":{"position":[100874.6640625,14240.17578125],"layer_z":2.0,"scale":[266.7730712890625,200.61331176757813],"rotation":1.5707963705062866}},{"PhysicsComponent":{"velocity":[0.0,0.0],"acceleration":[0.0,0.0],"force":[0.0,0.0],"mass":-1.0,"coeff_friction":999.0}},{"AABBComponent":{"box":[0.0,0.0],"tag":3}},{"AnimalComponent":{"animalType":2}}]},{"name":"Ground(56)","version":3,"alive":true,"components":[{"RenderComponent":{"texture_path":"art/character/groundbrick.png","mesh_path":"__builtin_standard_square"}},{"TransformComponent":{"position":[115612.6328125,14854.025390625],"layer_z":2.0,"scale":[5814.49755859375,3141.67431640625],"rotation":0.0}},{"PhysicsComponent":{"velocity":[0.0,0.0],"acceleration":[0.0,0.0],"force":[0.0,0.0],"mass":-1.0,"coeff_friction":0.10000000149011612}},{"AABBComponent":{"box":[0.0,0.0],"tag":3}}]},{"name":"Ground(57)","version":3,"alive":true,"components":[{"RenderComponent":{"texture_path":"art/character/groundbrick.png","mesh_path":"__builtin_standard_square"}},{"TransformComponent":{"position":[109405.28125,11100.275390625],"layer_z":2.0,"scale":[6634.14404296875,567.4125366210938],"rotation":0.0}},{"PhysicsComponent":{"velocity":[0.0,0.0],"acceleration":[0.0,0.0],"force":[0.0,0.0],"mass":-1.0,"coeff_friction":0.10000000149011612}},{"AABBComponent":{"box":[0.0,0.0],"tag":3}}]},{"name":"Ground(55)","version":3,"alive":true,"components":[{"RenderComponent":{"texture_path":"art/character/groundbrick.png","mesh_path":"__builtin_standard_square"}},{"TransformComponent":{"position":[106187.59375,18457.33203125],"layer_z":2.0,"scale":[5091.25439453125,567.4125366210938],"rotation":0.0}},{"PhysicsComponent":{"velocity":[0.0,0.0],"acceleration":[0.0,0.0],"force":[0.0,0.0],"mass":-1.0,"coeff_friction":0.10000000149011612}},{"AABBComponent":{"box":[0.0,0.0],"tag":3}}]},{"name":"Ground(54)","version":3,"alive":true,"components":[{"RenderComponent":{"texture_path":"art/character/groundbrick.png","mesh_path":"__builtin_standard_square"}},{"TransformComponent":{"position":[101925.9921875,13390.177734375],"layer_z":2.0,"scale":[843.95556640625,4477.30908203125],"rotation":0.0}},{"PhysicsComponent":{"velocity":[0.0,0.0],"acceleration":[0.0,0.0],"force":[0.0,0.0],"mass":-1.0,"coeff_friction":0.10000000149011612}},{"AABBComponent":{"box":[0.0,0.0],"tag":3}}]},{"name":"Ground(66)","version":3,"alive":true,"components":[{"RenderComponent":{"texture_path":"art/character/groundbrick.png","mesh_path":"__builtin_standard_square"}},{"TransformComponent":{"position":[126552.609375,18457.33203125],"layer_z":2.0,"scale":[5091.25439453125,567.4125366210938],"rotation":0.0}},{"PhysicsComponent":{"velocity":[0.0,0.0],"acceleration":[0.0,0.0],"force":[0.0,0.0],"mass":-1.0,"coeff_friction":0.10000000149011612}},{"AABBComponent":{"box":[0.0,0.0],"tag":3}}]},{"name":"Ground(63)","version":3,"alive":true,"components":[{"RenderComponent":{"texture_path":"art/character/groundbrick.png","mesh_path":"__builtin_standard_square"}},{"TransformComponent":{"position":[115460.1953125,22621.66796875],"layer_z":2.0,"scale":[578.8714599609375,1937.35546875],"rotation":0.0}},{"PhysicsComponent":{"velocity":[0.0,0.0],"acceleration":[0.0,0.0],"force":[0.0,0.0],"mass":-1.0,"coeff_friction":0.10000000149011612}},{"AABBComponent":{"box":[0.0,0.0],"tag":3}}]},{"name":"Ground(61)","version":3,"alive":true,"components":[{"RenderComponent":{"texture_path":"art/character/groundbrick.png","mesh_path":"__builtin_standard_square"}},{"TransformComponent":{"position":[119645.046875,20527.09765625],"layer_z":2.0,"scale":[2553.2587890625,1505.6510009765625],"rotation":0.0}},{"PhysicsComponent":{"velocity":[0.0,0.0],"acceleration":[0.0,0.0],"force":[0.0,0.0],"mass":-1.0,"coeff_friction":0.10000000149011612}},{"AABBComponent":{"box":[0.0,0.0],"tag":3}}]},{"name":"Ground(60)","version":3,"alive":true,"components":[{"RenderComponent":{"texture_path":"art/character/groundbrick.png","mesh_path":"__builtin_standard_square"}},{"TransformComponent":{"position":[115418.8671875,19178.876953125],"layer_z":2.0,"scale":[1681.093505859375,141.14239501953125],"rotation":0.0}},{"PhysicsComponent":{"velocity":[0.0,0.0],"acceleration":[0.0,0.0],"force":[0.0,0.0],"mass":-1.0,"coeff_friction":0.10000000149011612}},{"AABBComponent":{"box":[0.0,0.0],"tag":3}}]},{"name":"Ground(1)","version":2,"alive":true,"components":[{"RenderComponent":{"texture_path":"art/character/groundbrick.png","mesh_path":"__builtin_standard_square"}},{"TransformComponent":{"position":[-12462.095703125,3480.83447265625],"layer_z":2.0,"scale":[2114.232177734375,6591.43896484375],"rotation":0.0}},{"PhysicsComponent":{"velocity":[0.0,0.0],"acceleration":[0.0,0.0],"force":[0.0,0.0],"mass":-1.0,"coeff_friction":0.10000000149011612}},{"AABBComponent":{"box":[4228.46435546875,13182.8779296875],"tag":3}}]},{"name":"Camera Zoomer(3)","version":2,"alive":true,"components":[{"TransformComponent":{"position":[13545.5,255.0],"layer_z":2.0,"scale":[200.0,200.0],"rotation":0.0}},{"TriggerVolumeComponent":{"onEnter":"frame camera","onEnterParams":"{\"left_edge_zoom\":0.30000001192092896,\"right_edge_zoom\":0.30000001192092896}","onStay":"","onStayParams":"","onExit":"","onExitParams":"","targetEntityName":"LightBox"}}]},{"name":"Empty Entity(48)","version":1,"alive":false,"components":[{"RenderComponent":{"texture_path":"art/env/backgrounds/clearing/CO_Enviornments_Parallaxpsd_v1_0000_6.png","mesh_path":"__builtin_standard_square"}},{"TransformComponent":{"position":[-19645.513671875,-169.2017822265625],"layer_z":32.32400131225586,"scale":[1920.0,782.1790161132813],"rotation":0.0}}]},{"name":"Entity 0.1(0)","version":1,"alive":false,"components":[{"RenderComponent":{"texture_path":"art/env/backgrounds/clearing/CO_Enviornments_Parallaxpsd_v1_0000_8.png","mesh_path":"__builtin_standard_square"}},{"TransformComponent":{"position":[3343.71435546875,578.552001953125],"layer_z":59.031982421875,"scale":[1920.0,946.5984497070313],"rotation":0.0}}]},{"name":"Ground(5)","version":3,"alive":true,"components":[{"RenderComponent":{"texture_path":"art/character/groundbrick.png","mesh_path":"__builtin_standard_square"}},{"TransformComponent":{"position":[13293.923828125,1877.1268310546875],"layer_z":2.0,"scale":[4581.859375,2164.617431640625],"rotation":0.0}},{"PhysicsComponent":{"velocity":[0.0,0.0],"acceleration":[0.0,0.0],"force":[0.0,0.0],"mass":-1.0,"coeff_friction":0.10000000149011612}},{"AABBComponent":{"box":[0.0,0.0],"tag":3}}]},{"name":"Ground(7)","version":3,"alive":true,"components":[{"RenderComponent":{"texture_path":"art/character/groundbrick.png","mesh_path":"__builtin_standard_square"}},{"TransformComponent":{"position":[22457.642578125,1877.1268310546875],"layer_z":2.0,"scale":[4581.859375,2164.617431640625],"rotation":0.0}},{"PhysicsComponent":{"velocity":[0.0,0.0],"acceleration":[0.0,0.0],"force":[0.0,0.0],"mass":-1.0,"coeff_friction":0.10000000149011612}},{"AABBComponent":{"box":[0.0,0.0],"tag":3}}]},{"name":"Ground(6)","version":3,"alive":true,"components":[{"RenderComponent":{"texture_path":"art/character/groundbrick.png","mesh_path":"__builtin_standard_square"}},{"TransformComponent":{"position":[6972.24853515625,2875.57763671875],"layer_z":2.0,"scale":[1745.3057861328125,1167.275390625],"rotation":0.0}},{"PhysicsComponent":{"velocity":[0.0,0.0],"acceleration":[0.0,0.0],"force":[0.0,0.0],"mass":-1.0,"coeff_friction":0.10000000149011612}},{"AABBComponent":{"box":[0.0,0.0],"tag":3}}]},{"name":"art/env/Backgrounds/Tree/CO_Enviornments_PolishedBackgroundParallax_v2_7.png","version":2,"alive":true,"components":[{"RenderComponent":{"texture_path":"art/env/Backgrounds/Tree/CO_Enviornments_PolishedBackgroundParallax_v2_7.png","mesh_path":"__builtin_standard_square"}},{"TransformComponent":{"position":[55.89099884033203,1980.8909912109375],"layer_z":80.0,"scale":[1021.447021484375,558.0],"rotation":0.0}}]},{"name":"New Plant(12)","version":4,"alive":true,"components":[{"RenderComponent":{"texture_path":"art/env/Props/SB_environments_flower06_v1.png","mesh_path":"__builtin_standard_square"}},{"TransformComponent":{"position":[102959.8046875,13645.9482421875],"layer_z":2.0,"scale":[266.7730712890625,200.61331176757813],"rotation":-1.5707963705062866}},{"PhysicsComponent":{"velocity":[0.0,0.0],"acceleration":[0.0,0.0],"force":[0.0,0.0],"mass":-1.0,"coeff_friction":999.0}},{"AABBComponent":{"box":[0.0,0.0],"tag":3}},{"AnimalComponent":{"animalType":2}}]},{"name":"art/env/Backgrounds/Tree/CO_Enviornments_PolishedBackgroundParallax_v2_2.png","version":3,"alive":true,"components":[{"RenderComponent":{"texture_path":"art/env/Backgrounds/Tree/CO_Enviornments_PolishedBackgroundParallax_v2_2.png","mesh_path":"__builtin_standard_square"}},{"TransformComponent":{"position":[-4839.46923828125,818.4658813476563],"layer_z":2.0299999713897705,"scale":[-3935.580078125,1.0],"rotation":0.0}}]},{"name":"art/env/Backgrounds/Tree/CO_Enviornments_PolishedBackgroundParallax_v2_8.png","version":2,"alive":true,"components":[{"RenderComponent":{"texture_path":"art/env/Backgrounds/Tree/CO_Enviornments_PolishedBackgroundParallax_v2_8.png","mesh_path":"__builtin_standard_square"}},{"TransformComponent":{"position":[47.58399963378906,1912.1669921875],"layer_z":90.0,"scale":[4002.069091796875,2369.384033203125],"rotation":0.0}}]},{"name":"art/env/Backgrounds/Tree/CO_Enviornments_PolishedBackgroundParallax_v2_9.png(0)","version":2,"alive":true,"components":[{"RenderComponent":{"texture_path":"art/env/Backgrounds/Tree/CO_Enviornments_PolishedBackgroundParallax_v2_9.png","mesh_path":"__builtin_standard_square"}},{"TransformComponent":{"position":[21257.14453125,-15.128026962280273],"layer_z":20.0,"scale":[-10161.140625,3422.5341796875],"rotation":0.0}}]},{"name":"art/env/Backgrounds/Tree/CO_Enviornments_PolishedBackgroundParallax_v2_9.png","version":2,"alive":true,"components":[{"RenderComponent":{"texture_path":"art/env/Backgrounds/Tree/CO_Enviornments_PolishedBackgroundParallax_v2_9.png","mesh_path":"__builtin_standard_square"}},{"TransformComponent":{"position":[1694.832275390625,-121.2608642578125],"layer_z":20.0,"scale":[9341.140625,1.0],"rotation":0.0}}]},{"name":"Ground(48)","version":5,"alive":true,"components":[{"RenderComponent":{"texture_path":"art/character/groundbrick.png","mesh_path":"__builtin_standard_square"}},{"TransformComponent":{"position":[92436.3515625,14623.4560546875],"layer_z":2.0,"scale":[608.6195068359375,1132.88134765625],"rotation":0.0}},{"PhysicsComponent":{"velocity":[0.0,0.0],"acceleration":[0.0,0.0],"force":[0.0,0.0],"mass":-1.0,"coeff_friction":0.10000000149011612}},{"AABBComponent":{"box":[0.0,0.0],"tag":3}}]},{"name":"Ground(49)","version":3,"alive":true,"components":[{"RenderComponent":{"texture_path":"art/character/groundbrick.png","mesh_path":"__builtin_standard_square"}},{"TransformComponent":{"position":[95179.6796875,16369.208984375],"layer_z":2.0,"scale":[3325.119873046875,662.4236450195313],"rotation":0.0}},{"PhysicsComponent":{"velocity":[0.0,0.0],"acceleration":[0.0,0.0],"force":[0.0,0.0],"mass":-1.0,"coeff_friction":0.10000000149011612}},{"AABBComponent":{"box":[0.0,0.0],"tag":3}}]},{"name":"art/env/Backgrounds/Tree/CO_Enviornments_PolishedBackgroundParallax_v2_13.png","version":2,"alive":true,"components":[{"RenderComponent":{"texture_path":"art/env/Backgrounds/Tree/CO_Enviornments_PolishedBackgroundParallax_v2_13.png","mesh_path":"__builtin_standard_square"}},{"TransformComponent":{"position":[5.0,400.0],"layer_z":100.0,"scale":[2200.0,1200.0],"rotation":0.0}}]},{"name":"Ground(41)","version":3,"alive":true,"components":[{"RenderComponent":{"texture_path":"art/character/groundbrick.png","mesh_path":"__builtin_standard_square"}},{"TransformComponent":{"position":[71906.5859375,10891.1748046875],"layer_z":2.0,"scale":[541.1217651367188,718.8414306640625],"rotation":0.0}},{"PhysicsComponent":{"velocity":[0.0,0.0],"acceleration":[0.0,0.0],"force":[0.0,0.0],"mass":-1.0,"coeff_friction":0.10000000149011612}},{"AABBComponent":{"box":[0.0,0.0],"tag":3}}]},{"name":"Ground(40)","version":2,"alive":true,"components":[{"RenderComponent":{"texture_path":"art/character/groundbrick.png","mesh_path":"__builtin_standard_square"}},{"TransformComponent":{"position":[79492.59375,4219.8046875],"layer_z":2.0,"scale":[1641.489501953125,1481.185302734375],"rotation":0.0}},{"PhysicsComponent":{"velocity":[0.0,0.0],"acceleration":[0.0,0.0],"force":[0.0,0.0],"mass":-1.0,"coeff_friction":0.10000000149011612}},{"AABBComponent":{"box":[0.0,0.0],"tag":3}}]},{"name":"Ground(37)","version":2,"alive":true,"components":[{"RenderComponent":{"texture_path":"art/character/groundbrick.png","mesh_path":"__builtin_standard_square"}},{"TransformComponent":{"position":[76880.765625,6030.6611328125],"layer_z":2.0,"scale":[959.7413940429688,2639.566650390625],"rotation":0.0}},{"PhysicsComponent":{"velocity":[0.0,0.0],"acceleration":[0.0,0.0],"force":[0.0,0.0],"mass":-1.0,"coeff_friction":0.10000000149011612}},{"AABBComponent":{"box":[0.0,0.0],"tag":3}}]},{"name":"Ground(35)","version":2,"alive":true,"components":[{"RenderComponent":{"texture_path":"art/character/groundbrick.png","mesh_path":"__builtin_standard_square"}},{"TransformComponent":{"position":[72430.40625,4522.5859375],"layer_z":2.0,"scale":[584.3843994140625,1142.12744140625],"rotation":0.0}},{"PhysicsComponent":{"velocity":[0.0,0.0],"acceleration":[0.0,0.0],"force":[0.0,0.0],"mass":-1.0,"coeff_friction":0.10000000149011612}},{"AABBComponent":{"box":[0.0,0.0],"tag":3}}]},{"name":"Ground(36)","version":2,"alive":true,"components":[{"RenderComponent":{"texture_path":"art/character/groundbrick.png","mesh_path":"__builtin_standard_square"}},{"TransformComponent":{"position":[77892.609375,9421.19921875],"layer_z":2.0,"scale":[8864.0087890625,745.3360595703125],"rotation":0.0}},{"PhysicsComponent":{"velocity":[0.0,0.0],"acceleration":[0.0,0.0],"force":[0.0,0.0],"mass":-1.0,"coeff_friction":0.10000000149011612}},{"AABBComponent":{"box":[0.0,0.0],"tag":3}}]},{"name":"Deer0(4)","version":2,"alive":true,"components":[{"TransformComponent":{"position":[35838.30859375,6356.67919921875],"layer_z":2.0,"scale":[-218.4770050048828,100.0],"rotation":0.0}},{"PhysicsComponent":{"velocity":[2.802596928649634e-45,0.0],"acceleration":[0.0,-980.0],"force":[0.0,0.0],"mass":1.0,"coeff_friction":0.10000000149011612}},{"SkinnedRenderComponent":{"atlas_file_path":"art/character/deer/SB_Character_DeerSpineCutout01_v1.atlas","json_file_path":"art/character/deer/SB_Character_DeerSpineCutout01_v1.json","scale":1.0,"currAnimation":"Idle","max_dimension":1951.0,"atlas_width":1951.0,"atlas_height":893.0,"width":-300.0,"height":137.31419372558594,"initial_target":300}},{"AABBComponent":{"box":[436.9540100097656,200.0],"tag":3}},{"AnimalComponent":{"animalType":1}}]},{"name":"Ground(39)","version":2,"alive":true,"components":[{"RenderComponent":{"texture_path":"art/character/groundbrick.png","mesh_path":"__builtin_standard_square"}},{"TransformComponent":{"position":[82154.578125,6080.255859375],"layer_z":2.0,"scale":[1012.1290283203125,2643.66748046875],"rotation":0.0}},{"PhysicsComponent":{"velocity":[0.0,0.0],"acceleration":[0.0,0.0],"force":[0.0,0.0],"mass":-1.0,"coeff_friction":0.10000000149011612}},{"AABBComponent":{"box":[0.0,0.0],"tag":3}}]},{"name":"Ground(38)","version":2,"alive":true,"components":[{"RenderComponent":{"texture_path":"art/character/groundbrick.png","mesh_path":"__builtin_standard_square"}},{"TransformComponent":{"position":[73726.4453125,1362.4012451171875],"layer_z":2.0,"scale":[4150.869140625,2006.9315185546875],"rotation":0.0}},{"PhysicsComponent":{"velocity":[0.0,0.0],"acceleration":[0.0,0.0],"force":[0.0,0.0],"mass":-1.0,"coeff_friction":0.10000000149011612}},{"AABBComponent":{"box":[0.0,0.0],"tag":3}}]},{"name":"New Plant(8)","version":2,"alive":true,"components":[{"RenderComponent":{"texture_path":"art/env/Props/SB_environments_flower06_v1.png","mesh_path":"__builtin_standard_square"}},{"TransformComponent":{"position":[35924.5,3503.914306640625],"layer_z":2.0,"scale":[108.24191284179688,105.49461364746094],"rotation":0.0}},{"PhysicsComponent":{"velocity":[0.0,0.0],"acceleration":[0.0,0.0],"force":[0.0,0.0],"mass":-1.0,"coeff_friction":999.0}},{"AABBComponent":{"box":[100.0,100.0],"tag":3}},{"AnimalComponent":{"animalType":2}}]},{"name":"Ground(34)","version":2,"alive":true,"components":[{"RenderComponent":{"texture_path":"art/character/groundbrick.png","mesh_path":"__builtin_standard_square"}},{"TransformComponent":{"position":[63144.55078125,1472.0091552734375],"layer_z":2.0,"scale":[6422.439453125,1897.3243408203125],"rotation":0.0}},{"PhysicsComponent":{"velocity":[0.0,0.0],"acceleration":[0.0,0.0],"force":[0.0,0.0],"mass":-1.0,"coeff_friction":0.10000000149011612}},{"AABBComponent":{"box":[0.0,0.0],"tag":3}}]},{"name":"Deer0(3)","version":2,"alive":true,"components":[{"TransformComponent":{"position":[55092.296875,3494.26708984375],"layer_z":2.0,"scale":[-218.4770050048828,100.0],"rotation":0.0}},{"PhysicsComponent":{"velocity":[2.802596928649634e-45,0.0],"acceleration":[0.0,-980.0],"force":[0.0,0.0],"mass":1.0,"coeff_friction":0.10000000149011612}},{"SkinnedRenderComponent":{"atlas_file_path":"art/character/deer/SB_Character_DeerSpineCutout01_v1.atlas","json_file_path":"art/character/deer/SB_Character_DeerSpineCutout01_v1.json","scale":1.0,"currAnimation":"Idle","max_dimension":1951.0,"atlas_width":1951.0,"atlas_height":893.0,"width":-300.0,"height":137.31419372558594,"initial_target":300}},{"AABBComponent":{"box":[436.9540100097656,200.0],"tag":3}},{"AnimalComponent":{"animalType":1}}]},{"name":"Deer0(2)","version":2,"alive":true,"components":[{"TransformComponent":{"position":[37432.62890625,3512.509765625],"layer_z":2.0,"scale":[-218.4770050048828,100.0],"rotation":0.0}},{"PhysicsComponent":{"velocity":[2.802596928649634e-45,0.0],"acceleration":[0.0,-980.0],"force":[0.0,0.0],"mass":1.0,"coeff_friction":0.10000000149011612}},{"SkinnedRenderComponent":{"atlas_file_path":"art/character/deer/SB_Character_DeerSpineCutout01_v1.atlas","json_file_path":"art/character/deer/SB_Character_DeerSpineCutout01_v1.json","scale":1.0,"currAnimation":"Idle","max_dimension":1951.0,"atlas_width":1951.0,"atlas_height":893.0,"width":-300.0,"height":137.31419372558594,"initial_target":300}},{"AABBComponent":{"box":[436.9540100097656,200.0],"tag":3}},{"AnimalComponent":{"animalType":1}}]},{"name":"LightBox(1)","version":4,"alive":true,"components":[{"RenderComponent":{"texture_path":"art/character/sb_character_flameball01.png","mesh_path":"__builtin_standard_square"}},{"TransformComponent":{"position":[-8055.232421875,262.0592041015625],"layer_z":2.0,"scale":[37.5,37.5],"rotation":0.0}},{"PhysicsComponent":{"velocity":[0.0,0.0],"acceleration":[0.0,-980.0],"force":[0.0,0.0],"mass":1.0,"coeff_friction":0.10000000149011612}},{"PlayerComponent":{}},{"CircleComponent":{"circle":[37.5,-8066.296875,18.632049560546875]}}]},{"name":"New Plant(7)","version":2,"alive":true,"components":[{"RenderComponent":{"texture_path":"art/env/Props/SB_environments_flower06_v1.png","mesh_path":"__builtin_standard_square"}},{"TransformComponent":{"position":[34444.28515625,3494.85546875],"layer_z":2.0,"scale":[108.24191284179688,105.49461364746094],"rotation":0.0}},{"PhysicsComponent":{"velocity":[0.0,0.0],"acceleration":[0.0,0.0],"force":[0.0,0.0],"mass":-1.0,"coeff_friction":999.0}},{"AABBComponent":{"box":[100.0,100.0],"tag":3}},{"AnimalComponent":{"animalType":2}}]},{"name":"art/env/Backgrounds/Tree/CO_Enviornments_PolishedBackgroundParallax_v2_9.png(2)","version":1,"alive":true,"components":[{"RenderComponent":{"texture_path":"art/env/Backgrounds/Tree/CO_Enviornments_PolishedBackgroundParallax_v2_9.png","mesh_path":"__builtin_standard_square"}},{"TransformComponent":{"position":[1735.654541015625,-121.26118469238281],"layer_z":20.0,"scale":[9341.140625,3043.533935546875],"rotation":0.0}}]},{"name":"New Plant(6)","version":2,"alive":true,"components":[{"RenderComponent":{"texture_path":"art/env/Props/SB_environments_flower06_v1.png","mesh_path":"__builtin_standard_square"}},{"TransformComponent":{"position":[33004.8359375,3494.85546875],"layer_z":2.0,"scale":[108.24191284179688,105.49461364746094],"rotation":0.0}},{"PhysicsComponent":{"velocity":[0.0,0.0],"acceleration":[0.0,0.0],"force":[0.0,0.0],"mass":-1.0,"coeff_friction":999.0}},{"AABBComponent":{"box":[100.0,100.0],"tag":3}},{"AnimalComponent":{"animalType":2}}]},{"name":"New Plant(4)","version":4,"alive":true,"components":[{"RenderComponent":{"texture_path":"art/env/Props/SB_environments_flower06_v1.png","mesh_path":"__builtin_standard_square"}},{"TransformComponent":{"position":[29876.810546875,3807.390625],"layer_z":2.0,"scale":[108.24191284179688,105.49461364746094],"rotation":0.0}},{"PhysicsComponent":{"velocity":[0.0,0.0],"acceleration":[0.0,0.0],"force":[0.0,0.0],"mass":-1.0,"coeff_friction":999.0}},{"AABBComponent":{"box":[100.0,100.0],"tag":3}},{"AnimalComponent":{"animalType":2}}]},{"name":"New Plant(5)","version":3,"alive":true,"components":[{"RenderComponent":{"texture_path":"art/env/Props/SB_environments_flower06_v1.png","mesh_path":"__builtin_standard_square"}},{"TransformComponent":{"position":[31116.9609375,3798.33154296875],"layer_z":2.0,"scale":[108.24191284179688,105.49461364746094],"rotation":0.0}},{"PhysicsComponent":{"velocity":[0.0,0.0],"acceleration":[0.0,0.0],"force":[0.0,0.0],"mass":-1.0,"coeff_friction":999.0}},{"AABBComponent":{"box":[100.0,100.0],"tag":3}},{"AnimalComponent":{"animalType":2}}]},{"name":"Ground(33)","version":2,"alive":true,"components":[{"RenderComponent":{"texture_path":"art/character/groundbrick.png","mesh_path":"__builtin_standard_square"}},{"TransformComponent":{"position":[51955.46484375,10467.435546875],"layer_z":2.0,"scale":[951.7484741210938,552.51953125],"rotation":0.0}},{"PhysicsComponent":{"velocity":[0.0,0.0],"acceleration":[0.0,0.0],"force":[0.0,0.0],"mass":-1.0,"coeff_friction":0.10000000149011612}},{"AABBComponent":{"box":[0.0,0.0],"tag":3}}]},{"name":"Ground(32)","version":2,"alive":true,"components":[{"RenderComponent":{"texture_path":"art/character/groundbrick.png","mesh_path":"__builtin_standard_square"}},{"TransformComponent":{"position":[53259.484375,9362.396484375],"layer_z":2.0,"scale":[951.7484741210938,552.51953125],"rotation":0.0}},{"PhysicsComponent":{"velocity":[0.0,0.0],"acceleration":[0.0,0.0],"force":[0.0,0.0],"mass":-1.0,"coeff_friction":0.10000000149011612}},{"AABBComponent":{"box":[0.0,0.0],"tag":3}}]},{"name":"Ground(30)","version":2,"alive":true,"components":[{"RenderComponent":{"texture_path":"art/character/groundbrick.png","mesh_path":"__builtin_standard_square"}},{"TransformComponent":{"position":[55256.0,6727.09130859375],"layer_z":2.0,"scale":[655.360107421875,996.0657958984375],"rotation":0.0}},{"PhysicsComponent":{"velocity":[0.0,0.0],"acceleration":[0.0,0.0],"force":[0.0,0.0],"mass":-1.0,"coeff_friction":0.10000000149011612}},{"AABBComponent":{"box":[0.0,0.0],"tag":3}}]},{"name":"Ground(31)","version":2,"alive":true,"components":[{"RenderComponent":{"texture_path":"art/character/groundbrick.png","mesh_path":"__builtin_standard_square"}},{"TransformComponent":{"position":[50349.0859375,9362.3955078125],"layer_z":2.0,"scale":[1281.880126953125,544.2662353515625],"rotation":0.0}},{"PhysicsComponent":{"velocity":[0.0,0.0],"acceleration":[0.0,0.0],"force":[0.0,0.0],"mass":-1.0,"coeff_friction":0.10000000149011612}},{"AABBComponent":{"box":[0.0,0.0],"tag":3}}]},{"name":"Ground(29)","version":3,"alive":true,"components":[{"RenderComponent":{"texture_path":"art/character/groundbrick.png","mesh_path":"__builtin_standard_square"}},{"TransformComponent":{"position":[52771.90625,7266.48583984375],"layer_z":2.0,"scale":[452.119873046875,485.30853271484375],"rotation":0.0}},{"PhysicsComponent":{"velocity":[0.0,0.0],"acceleration":[0.0,0.0],"force":[0.0,0.0],"mass":-1.0,"coeff_friction":0.10000000149011612}},{"AABBComponent":{"box":[0.0,0.0],"tag":3}}]},{"name":"Ground(23)","version":3,"alive":true,"components":[{"RenderComponent":{"texture_path":"art/character/groundbrick.png","mesh_path":"__builtin_standard_square"}},{"TransformComponent":{"position":[48269.6796875,6742.02685546875],"layer_z":2.0,"scale":[655.360107421875,996.0657958984375],"rotation":0.0}},{"PhysicsComponent":{"velocity":[0.0,0.0],"acceleration":[0.0,0.0],"force":[0.0,0.0],"mass":-1.0,"coeff_friction":0.10000000149011612}},{"AABBComponent":{"box":[0.0,0.0],"tag":3}}]},{"name":"Ground(28)","version":3,"alive":true,"components":[{"RenderComponent":{"texture_path":"art/character/groundbrick.png","mesh_path":"__builtin_standard_square"}},{"TransformComponent":{"position":[51143.28125,7259.017578125],"layer_z":2.0,"scale":[452.119873046875,485.30853271484375],"rotation":0.0}},{"PhysicsComponent":{"velocity":[0.0,0.0],"acceleration":[0.0,0.0],"force":[0.0,0.0],"mass":-1.0,"coeff_friction":0.10000000149011612}},{"AABBComponent":{"box":[0.0,0.0],"tag":3}}]},{"name":"Ground(27)","version":3,"alive":true,"components":[{"RenderComponent":{"texture_path":"art/character/groundbrick.png","mesh_path":"__builtin_standard_square"}},{"TransformComponent":{"position":[53525.546875,6236.12548828125],"layer_z":2.0,"scale":[1206.376708984375,552.51953125],"rotation":0.0}},{"PhysicsComponent":{"velocity":[0.0,0.0],"acceleration":[0.0,0.0],"force":[0.0,0.0],"mass":-1.0,"coeff_friction":0.10000000149011612}},{"AABBComponent":{"box":[0.0,0.0],"tag":3}}]},{"name":"Ground(25)","version":3,"alive":true,"components":[{"RenderComponent":{"texture_path":"art/character/groundbrick.png","mesh_path":"__builtin_standard_square"}},{"TransformComponent":{"position":[50259.14453125,6254.5185546875],"layer_z":2.0,"scale":[1329.2581787109375,532.3582763671875],"rotation":0.0}},{"PhysicsComponent":{"velocity":[0.0,0.0],"acceleration":[0.0,0.0],"force":[0.0,0.0],"mass":-1.0,"coeff_friction":0.10000000149011612}},{"AABBComponent":{"box":[0.0,0.0],"tag":3}}]},{"name":"art/env/Backgrounds/Tree/CO_Enviornments_PolishedBackgroundParallax_v2_9.png(3)","version":2,"alive":true,"components":[{"RenderComponent":{"texture_path":"art/env/Backgrounds/Tree/CO_Enviornments_PolishedBackgroundParallax_v2_9.png","mesh_path":"__builtin_standard_square"}},{"TransformComponent":{"position":[1777.505126953125,-139.6290283203125],"layer_z":20.0,"scale":[9341.140625,1.0],"rotation":0.0}}]},{"name":"Ground(26)","version":3,"alive":true,"components":[{"RenderComponent":{"texture_path":"art/character/groundbrick.png","mesh_path":"__builtin_standard_square"}},{"TransformComponent":{"position":[53331.3828125,8267.1826171875],"layer_z":2.0,"scale":[1452.81689453125,545.0516357421875],"rotation":0.0}},{"PhysicsComponent":{"velocity":[0.0,0.0],"acceleration":[0.0,0.0],"force":[0.0,0.0],"mass":-1.0,"coeff_friction":0.10000000149011612}},{"AABBComponent":{"box":[0.0,0.0],"tag":3}}]},{"name":"Ground(22)","version":4,"alive":true,"components":[{"RenderComponent":{"texture_path":"art/character/groundbrick.png","mesh_path":"__builtin_standard_square"}},{"TransformComponent":{"position":[51771.14453125,5164.9736328125],"layer_z":2.0,"scale":[4610.48193359375,559.94970703125],"rotation":0.0}},{"PhysicsComponent":{"velocity":[0.0,0.0],"acceleration":[0.0,0.0],"force":[0.0,0.0],"mass":-1.0,"coeff_friction":0.10000000149011612}},{"AABBComponent":{"box":[0.0,0.0],"tag":3}}]},{"name":"Ground(20)","version":3,"alive":true,"components":[{"RenderComponent":{"texture_path":"art/character/groundbrick.png","mesh_path":"__builtin_standard_square"}},{"TransformComponent":{"position":[50327.31640625,1472.0091552734375],"layer_z":2.0,"scale":[6397.814453125,1897.3243408203125],"rotation":0.0}},{"PhysicsComponent":{"velocity":[0.0,0.0],"acceleration":[0.0,0.0],"force":[0.0,0.0],"mass":-1.0,"coeff_friction":0.10000000149011612}},{"AABBComponent":{"box":[0.0,0.0],"tag":3}}]},{"name":"Ground(24)","version":3,"alive":true,"components":[{"RenderComponent":{"texture_path":"art/character/groundbrick.png","mesh_path":"__builtin_standard_square"}},{"TransformComponent":{"position":[50117.9921875,8257.357421875],"layer_z":2.0,"scale":[1744.0645751953125,552.51953125],"rotation":0.0}},{"PhysicsComponent":{"velocity":[0.0,0.0],"acceleration":[0.0,0.0],"force":[0.0,0.0],"mass":-1.0,"coeff_friction":0.10000000149011612}},{"AABBComponent":{"box":[0.0,0.0],"tag":3}}]},{"name":"Ground(18)","version":3,"alive":true,"components":[{"RenderComponent":{"texture_path":"art/character/groundbrick.png","mesh_path":"__builtin_standard_square"}},{"TransformComponent":{"position":[30356.275390625,3074.130615234375],"layer_z":2.0,"scale":[1111.97216796875,613.373779296875],"rotation":0.0}},{"PhysicsComponent":{"velocity":[0.0,0.0],"acceleration":[0.0,0.0],"force":[0.0,0.0],"mass":-1.0,"coeff_friction":0.10000000149011612}},{"AABBComponent":{"box":[0.0,0.0],"tag":3}}]},{"name":"Ground(21)","version":2,"alive":true,"components":[{"RenderComponent":{"texture_path":"art/character/groundbrick.png","mesh_path":"__builtin_standard_square"}},{"TransformComponent":{"position":[51743.9921875,3995.350341796875],"layer_z":2.0,"scale":[1927.896484375,615.0581665039063],"rotation":0.0}},{"PhysicsComponent":{"velocity":[0.0,0.0],"acceleration":[0.0,0.0],"force":[0.0,0.0],"mass":-1.0,"coeff_friction":0.10000000149011612}},{"AABBComponent":{"box":[0.0,0.0],"tag":3}}]},{"name":"Ground(16)","version":2,"alive":true,"components":[{"RenderComponent":{"texture_path":"art/character/groundbrick.png","mesh_path":"__builtin_standard_square"}},{"TransformComponent":{"position":[41601.4140625,6862.267578125],"layer_z":2.0,"scale":[2276.591796875,2778.580078125],"rotation":0.0}},{"PhysicsComponent":{"velocity":[0.0,0.0],"acceleration":[0.0,0.0],"force":[0.0,0.0],"mass":-1.0,"coeff_friction":0.10000000149011612}},{"AABBComponent":{"box":[0.0,0.0],"tag":3}}]},{"name":"Ground(15)","version":2,"alive":true,"components":[{"RenderComponent":{"texture_path":"art/character/groundbrick.png","mesh_path":"__builtin_standard_square"}},{"TransformComponent":{"position":[37468.92578125,5155.703125],"layer_z":2.0,"scale":[1893.4964599609375,1063.7725830078125],"rotation":0.0}},{"PhysicsComponent":{"velocity":[0.0,0.0],"acceleration":[0.0,0.0],"force":[0.0,0.0],"mass":-1.0,"coeff_friction":0.10000000149011612}},{"AABBComponent":{"box":[0.0,0.0],"tag":3}}]},{"name":"Ground(17)","version":2,"alive":true,"components":[{"RenderComponent":{"texture_path":"art/character/groundbrick.png","mesh_path":"__builtin_standard_square"}},{"TransformComponent":{"position":[28137.865234375,1863.5184326171875],"layer_z":2.0,"scale":[1111.97216796875,2191.832275390625],"rotation":0.0}},{"PhysicsComponent":{"velocity":[0.0,0.0],"acceleration":[0.0,0.0],"force":[0.0,0.0],"mass":-1.0,"coeff_friction":0.10000000149011612}},{"AABBComponent":{"box":[0.0,0.0],"tag":3}}]},{"name":"Ground(19)","version":2,"alive":true,"components":[{"RenderComponent":{"texture_path":"art/character/groundbrick.png","mesh_path":"__builtin_standard_square"}},{"TransformComponent":{"position":[37696.9921875,1527.1131591796875],"layer_z":2.0,"scale":[6214.1337890625,1860.588134765625],"rotation":0.0}},{"PhysicsComponent":{"velocity":[0.0,0.0],"acceleration":[0.0,0.0],"force":[0.0,0.0],"mass":-1.0,"coeff_friction":0.10000000149011612}},{"AABBComponent":{"box":[0.0,0.0],"tag":3}}]},{"name":"Ground(14)","version":2,"alive":true,"components":[{"RenderComponent":{"texture_path":"art/character/groundbrick.png","mesh_path":"__builtin_standard_square"}},{"TransformComponent":{"position":[33650.26953125,4235.0732421875],"layer_z":2.0,"scale":[1920.525390625,140.77386474609375],"rotation":0.0}},{"PhysicsComponent":{"velocity":[0.0,0.0],"acceleration":[0.0,0.0],"force":[0.0,0.0],"mass":-1.0,"coeff_friction":0.10000000149011612}},{"AABBComponent":{"box":[0.0,0.0],"tag":3}}]},{"name":"Ground(13)","version":2,"alive":true,"components":[{"RenderComponent":{"texture_path":"art/character/groundbrick.png","mesh_path":"__builtin_standard_square"}},{"TransformComponent":{"position":[30817.46484375,4521.44873046875],"layer_z":2.0,"scale":[1920.525390625,140.77386474609375],"rotation":0.0}},{"PhysicsComponent":{"velocity":[0.0,0.0],"acceleration":[0.0,0.0],"force":[0.0,0.0],"mass":-1.0,"coeff_friction":0.10000000149011612}},{"AABBComponent":{"box":[0.0,0.0],"tag":3}}]},{"name":"New Plant(3)","version":2,"alive":true,"components":[{"RenderComponent":{"texture_path":"art/env/Props/SB_environments_flower06_v1.png","mesh_path":"__builtin_standard_square"}},{"TransformComponent":{"position":[16679.26953125,5574.55322265625],"layer_z":2.0,"scale":[108.24191284179688,105.49461364746094],"rotation":1.5707963705062866}},{"PhysicsComponent":{"velocity":[0.0,0.0],"acceleration":[0.0,0.0],"force":[0.0,0.0],"mass":-1.0,"coeff_friction":999.0}},{"AABBComponent":{"box":[100.0,100.0],"tag":3}},{"AnimalComponent":{"animalType":2}}]},{"name":"Ground(11)","version":2,"alive":true,"components":[{"RenderComponent":{"texture_path":"art/character/groundbrick.png","mesh_path":"__builtin_standard_square"}},{"TransformComponent":{"position":[24178.02734375,4208.44677734375],"layer_z":2.0,"scale":[2894.416259765625,165.53379821777344],"rotation":0.0}},{"PhysicsComponent":{"velocity":[0.0,0.0],"acceleration":[0.0,0.0],"force":[0.0,0.0],"mass":-1.0,"coeff_friction":0.10000000149011612}},{"AABBComponent":{"box":[0.0,0.0],"tag":3}}]},{"name":"New Plant(1)","version":2,"alive":true,"components":[{"RenderComponent":{"texture_path":"art/env/Props/SB_environments_flower06_v1.png","mesh_path":"__builtin_standard_square"}},{"TransformComponent":{"position":[7989.48828125,4156.06201171875],"layer_z":2.0,"scale":[108.24191284179688,105.49461364746094],"rotation":0.0}},{"PhysicsComponent":{"velocity":[0.0,0.0],"acceleration":[0.0,0.0],"force":[0.0,0.0],"mass":-1.0,"coeff_friction":999.0}},{"AABBComponent":{"box":[100.0,100.0],"tag":3}},{"AnimalComponent":{"animalType":2}}]},{"name":"New Plant(2)","version":2,"alive":true,"components":[{"RenderComponent":{"texture_path":"art/env/Props/SB_environments_flower06_v1.png","mesh_path":"__builtin_standard_square"}},{"TransformComponent":{"position":[15571.9736328125,5065.90576171875],"layer_z":2.0,"scale":[108.24191284179688,105.49461364746094],"rotation":-1.5707963705062866}},{"PhysicsComponent":{"velocity":[0.0,0.0],"acceleration":[0.0,0.0],"force":[0.0,0.0],"mass":-1.0,"coeff_friction":999.0}},{"AABBComponent":{"box":[100.0,100.0],"tag":3}},{"AnimalComponent":{"animalType":2}}]},{"name":"Ground(10)","version":2,"alive":true,"components":[{"RenderComponent":{"texture_path":"art/character/groundbrick.png","mesh_path":"__builtin_standard_square"}},{"TransformComponent":{"position":[20298.1953125,4120.451171875],"layer_z":2.0,"scale":[352.9344787597656,76.33129119873047],"rotation":0.0}},{"PhysicsComponent":{"velocity":[0.0,0.0],"acceleration":[0.0,0.0],"force":[0.0,0.0],"mass":-1.0,"coeff_friction":0.10000000149011612}},{"AABBComponent":{"box":[0.0,0.0],"tag":3}}]},{"name":"Ground(12)","version":2,"alive":true,"components":[{"RenderComponent":{"texture_path":"art/character/groundbrick.png","mesh_path":"__builtin_standard_square"}},{"TransformComponent":{"position":[28118.11328125,4210.341796875],"layer_z":2.0,"scale":[1053.927490234375,162.286376953125],"rotation":0.0}},{"PhysicsComponent":{"velocity":[0.0,0.0],"acceleration":[0.0,0.0],"force":[0.0,0.0],"mass":-1.0,"coeff_friction":0.10000000149011612}},{"AABBComponent":{"box":[0.0,0.0],"tag":3}}]},{"name":"Deer0(1)","version":2,"alive":true,"components":[{"TransformComponent":{"position":[18468.94921875,4177.9921875],"layer_z":2.0,"scale":[-218.4770050048828,100.0],"rotation":0.0}},{"PhysicsComponent":{"velocity":[2.802596928649634e-45,0.0],"acceleration":[0.0,-980.0],"force":[0.0,0.0],"mass":1.0,"coeff_friction":0.10000000149011612}},{"SkinnedRenderComponent":{"atlas_file_path":"art/character/deer/SB_Character_DeerSpineCutout01_v1.atlas","json_file_path":"art/character/deer/SB_Character_DeerSpineCutout01_v1.json","scale":1.0,"currAnimation":"Idle","max_dimension":1951.0,"atlas_width":1951.0,"atlas_height":893.0,"width":-300.0,"height":137.31419372558594,"initial_target":300}},{"AABBComponent":{"box":[436.9540100097656,200.0],"tag":3}},{"AnimalComponent":{"animalType":1}}]},{"name":"Ground(70)","version":1,"alive":true,"components":[{"RenderComponent":{"texture_path":"art/character/groundbrick.png","mesh_path":"__builtin_standard_square"}},{"TransformComponent":{"position":[142263.328125,26617.7109375],"layer_z":2.0,"scale":[195.02955627441406,415.39990234375],"rotation":0.0}},{"PhysicsComponent":{"velocity":[0.0,0.0],"acceleration":[0.0,0.0],"force":[0.0,0.0],"mass":-1.0,"coeff_friction":0.10000000149011612}},{"AABBComponent":{"box":[0.0,0.0],"tag":3}}]},{"name":"Ground(71)","version":1,"alive":true,"components":[{"RenderComponent":{"texture_path":"art/env/Props/SB_environments_stump02_v1.png","mesh_path":"__builtin_standard_square"}},{"TransformComponent":{"position":[7205.17919921875,1.2634429931640625],"layer_z":2.0,"scale":[648.1168823242188,106.565185546875],"rotation":0.0}},{"PhysicsComponent":{"velocity":[0.0,0.0],"acceleration":[0.0,0.0],"force":[0.0,0.0],"mass":-1.0,"coeff_friction":0.10000000149011612}},{"TriggerVolumeComponent":{"onEnter":"fox hole","onEnterParams":"{\"FoxHole Exit\":[7310.0,4550.0],\"FoxHole Out Velocity\":[250.0,250.0]}","onStay":"","onStayParams":"","onExit":"","onExitParams":"","targetEntityName":""}}]},{"name":"Ground(72)","version":1,"alive":true,"components":[{"RenderComponent":{"texture_path":"art/env/Props/SB_environments_stump02_v1.png","mesh_path":"__builtin_standard_square"}},{"TransformComponent":{"position":[7192.95068359375,4158.12841796875],"layer_z":2.0,"scale":[648.1168823242188,106.565185546875],"rotation":0.0}},{"PhysicsComponent":{"velocity":[0.0,0.0],"acceleration":[0.0,0.0],"force":[0.0,0.0],"mass":-1.0,"coeff_friction":0.10000000149011612}},{"TriggerVolumeComponent":{"onEnter":"fox hole","onEnterParams":"{\"FoxHole Exit\":[7180.0,410.0],\"FoxHole Out Velocity\":[-500.0,500.0]}","onStay":"","onStayParams":"","onExit":"","onExitParams":"","targetEntityName":""}}]}],"emptyIndices":[]}