{
    "world": [
        {
            "version": 1,
            "alive": true,
            "components":
            [
                {
                    "RenderComponent":
                    {
                        "texture_path": "env/CO_Enviornments_Parallax_v9.png",
                        "mesh_path": "__builtin_standard_square"
                    }
                },
                {
                    "TransformComponent":
                    {
                        "position":
                        [
                            0.0,
                            -200.6959838867188
                        ],
                        "layer_z": 100.0,
                        "scale":
                        [
                            1920.0,
                            319.3343811035156
                        ]
                    }
                }
            ]
        },

        {
            "name": "Trigger_01",
            "version": 1,
            "alive": true,
            "alive": true,
            "components": [

                {
                    "TransformComponent": {
                        "position": [
                            600.0,
                            0.0
                        ],
                        "layer_z": 2.0,
                        "scale": [
                            200.0,
                            200.0
                        ]
                    }
                },
                {
                    "TriggerVolumeComponent": {
                        "onEnter": "teleport to origin",
                        "onStay": "print message",
                        "onExit": "print message",
                        "targetEntityName": "test entity"
                    }
                }
            ]
        },


        {
            "name": "test entity",
            "version": 1,
            "alive": true,
            "alive": true,
            "components": [
                {
                    "RenderComponent": {
                        "texture_path": "character/sb_character_flameball01.png",
                        "mesh_path": "__builtin_standard_square"
                    }
                },
                {
                    "TransformComponent": {
                        "position": [
                            0.0,
                            0.5
                        ],
                        "layer_z": 2.0,
                        "scale": [
                            105.0,
                            104.34783172607422
                        ]
                    }
                }

            ]
        },



        {
            "name": "Entity 1.1",
            "version": 1,
            "alive": true,
            "alive": true,
            "components": [
                {
                    "SkinnedRenderComponent":
                    {
                        "atlas_file_path": "assets\\spine\\SB_Character_DeerSpineCutout01_v1.atlas",
                        "json_file_path": "assets\\spine\\SB_Character_DeerSpineCutout01_v1.json",
                        "scale": 1.0,
                        "currAnimation": "Run"
                    }
                },
                {
                    "TransformComponent": {
                        "position": [
                            0.5,
                            0.10000000149011612
                        ],
                        "layer_z": 2.0,
                        "scale": [
                            -0.25,
                            -0.25
                        ]
                    }
                },
                {
                    "PhysicsComponent": {
                        "velocity": [
                            0.0,
                            0.0
                        ],
                        "acceleration": [
                            0.0,
                            0.0
                        ],
                        "force": [
                            0.0,
                            0.0
                        ],
                        "mass": 1.0,
                        "coeff_friction": 0.10000000149011612
                    }
                },
                {
                    "CircleComponent": {
                        "circle": [
                            0.07500000298023224,
                            0.5,
                            -0.30000001192092896
                        ]
                    }
                }
            ]
        },
        {
            "name": "Entity 2.1",
            "version": 1,
            "alive": true,
            "alive": true,
            "components": [
                {
                    "SkinnedRenderComponent":
                    {
                        "atlas_file_path": "assets\\spine\\SB_Character_DeerSpineCutout01_v1.atlas",
                        "json_file_path": "assets\\spine\\SB_Character_DeerSpineCutout01_v1.json",
                        "scale": 1.0,
                        "currAnimation": "Run"
                    }
                },
                {
                    "TransformComponent": {
                        "position": [
                            1500.0,
                            0.10000000149011612
                        ],
                        "layer_z": 2.0,
                        "scale": [
                            -0.25,
                            -0.25
                        ]
                    }
                },
                {
                    "PhysicsComponent": {
                        "velocity": [
                            0.0,
                            0.0
                        ],
                        "acceleration": [
                            0.0,
                            0.0
                        ],
                        "force": [
                            0.0,
                            0.0
                        ],
                        "mass": 1.0,
                        "coeff_friction": 0.10000000149011612
                    }
                },
                {
                    "CircleComponent": {
                        "circle": [
                            0.07500000298023224,
                            0.0,
                            0.0
                        ]
                    }
                }
            ]
        },
        {
            "name": "Entity 3.1",
            "version": 1,
            "alive": true,
            "alive": true,
            "components": [
                {
                    "RenderComponent": {
                        "texture_path": "env/CO_Enviornments_Parallax_v9.png",
                        "mesh_path": "__builtin_standard_square"
                    }
                },
                {
                    "TransformComponent": {
                        "position": [
                            0.0,
                            -200.0
                        ],
                        "layer_z": 2.0,
                        "scale": [
                            10000.0,
                            148.8095245361328
                        ]
                    }
                },
                {
                    "PhysicsComponent": {
                        "velocity": [
                            0.0,
                            0.0
                        ],
                        "acceleration": [
                            0.0,
                            0.0
                        ],
                        "force": [
                            0.0,
                            0.0
                        ],
                        "mass": -1.0,
                        "coeff_friction": 0.10000000149011612
                    }
                },
                {
                    "AABBComponent": {
                        "box": [
                            10000.0,
                            148.8095245361328
                        ]
                    }
                }
            ]
        }
    ],
    "emptyIndices": []
}