{"camera":{"position":[-5325.82470703125,2160.024169921875],"target_position":[-5325.82763671875,2160.27392578125],"screen_size":[1280.0,720.0],"zoom":0.2930000126361847},"world":[{"name":"Entity 0.1","version":1,"alive":true,"components":[{"RenderComponent":{"texture_path":"env/CO_Enviornments_Parallax_v8.png","mesh_path":"__builtin_standard_square"}},{"TransformComponent":{"position":[-280.759033203125,220.02027893066406],"layer_z":59.031982421875,"scale":[1920.0,946.5984497070313]}}]},{"name":"LightBox","version":1,"alive":true,"components":[{"RenderComponent":{"texture_path":"character/sb_character_flameball01.png","mesh_path":"__builtin_standard_square"}},{"TransformComponent":{"position":[-2962.913818359375,1354.765380859375],"layer_z":2.0,"scale":[25.0,25.0]}},{"PhysicsComponent":{"velocity":[-7.006492321624085e-44,-84255.8359375],"acceleration":[0.0,-980.0],"force":[0.0,0.0],"mass":1.0,"coeff_friction":0.10000000149011612}},{"PlayerComponent":{}},{"CircleComponent":{"circle":[25.0,-2962.913818359375,1354.765380859375]}}]},{"name":"Deer1","version":1,"alive":true,"components":[{"TransformComponent":{"position":[-2662.913818359375,1080.394775390625],"layer_z":2.0,"scale":[200.0,100.0]}},{"PhysicsComponent":{"velocity":[0.0,0.0],"acceleration":[0.0,-980.0],"force":[0.0,0.0],"mass":1.0,"coeff_friction":0.10000000149011612}},{"CircleComponent":{"circle":[200.0,-2662.913818359375,1148.7940673828125]}},{"SkinnedRenderComponent":{"atlas_file_path":"assets\\spine\\SB_Character_DeerSpineCutout01_v1.atlas","json_file_path":"assets\\spine\\SB_Character_DeerSpineCutout01_v1.json","scale":1.0,"currAnimation":"Run","max_dimension":1951.0,"atlas_width":1951.0,"atlas_height":893.0,"width":-300.0,"height":137.31419372558594,"initial_target":300}}]},{"name":"Deer2","version":1,"alive":true,"components":[{"TransformComponent":{"position":[1130.5341796875,-3242206720.0],"layer_z":2.0,"scale":[-100.0,100.0]}},{"PhysicsComponent":{"velocity":[7.006492321624085e-44,-2520804.5],"acceleration":[0.0,-980.0],"force":[0.0,0.0],"mass":1.0,"coeff_friction":0.10000000149011612}},{"CircleComponent":{"circle":[100.0,1130.5341796875,-3242206720.0]}},{"SkinnedRenderComponent":{"atlas_file_path":"assets\\spine\\SB_Character_DeerSpineCutout01_v1.atlas","json_file_path":"assets\\spine\\SB_Character_DeerSpineCutout01_v1.json","scale":1.0,"currAnimation":"Run","max_dimension":1951.0,"atlas_width":1951.0,"atlas_height":893.0,"width":-300.0,"height":137.31419372558594,"initial_target":300}}]},{"name":"Ground","version":1,"alive":true,"components":[{"RenderComponent":{"texture_path":"character/groundbrick.png","mesh_path":"__builtin_standard_square"}},{"TransformComponent":{"position":[-433.892333984375,-166.29400634765625],"layer_z":2.0,"scale":[5433.3330078125,399.9999694824219]}},{"PhysicsComponent":{"velocity":[0.0,0.0],"acceleration":[0.0,0.0],"force":[0.0,0.0],"mass":-1.0,"coeff_friction":0.10000000149011612}},{"AABBComponent":{"box":[10866.666015625,399.9999694824219]}}]},{"name":"Ground 2","version":1,"alive":true,"components":[{"RenderComponent":{"texture_path":"character/groundbrick.png","mesh_path":"__builtin_standard_square"}},{"TransformComponent":{"position":[-5365.42529296875,2233.33447265625],"layer_z":2.0,"scale":[433.33355712890625,2716.66650390625]}},{"PhysicsComponent":{"velocity":[0.0,0.0],"acceleration":[0.0,0.0],"force":[0.0,0.0],"mass":-1.0,"coeff_friction":0.10000000149011612}},{"AABBComponent":{"box":[866.6671142578125,2716.66650390625]}}]},{"name":"Ground 2","version":1,"alive":true,"components":[{"RenderComponent":{"texture_path":"character/groundbrick.png","mesh_path":"__builtin_standard_square"}},{"TransformComponent":{"position":[2200.0,4717.5654296875],"layer_z":2.0,"scale":[750.0,0.0]}},{"PhysicsComponent":{"velocity":[0.0,0.0],"acceleration":[0.0,0.0],"force":[0.0,0.0],"mass":-1.0,"coeff_friction":0.10000000149011612}},{"AABBComponent":{"box":[1500.0,0.0]}}]},{"name":"Ground 3","version":1,"alive":true,"components":[{"RenderComponent":{"texture_path":"character/groundbrick.png","mesh_path":"__builtin_standard_square"}},{"TransformComponent":{"position":[4433.3330078125,2361.002685546875],"layer_z":2.0,"scale":[350.0,2900.0]}},{"PhysicsComponent":{"velocity":[0.0,0.0],"acceleration":[0.0,0.0],"force":[0.0,0.0],"mass":-1.0,"coeff_friction":0.10000000149011612}},{"AABBComponent":{"box":[700.0,2900.0]}}]},{"name":"character/groundbrick.png","version":1,"alive":true,"components":[{"RenderComponent":{"texture_path":"character/groundbrick.png","mesh_path":"__builtin_standard_square"}},{"TransformComponent":{"position":[2101.72607421875,624.9028930664063],"layer_z":2.0,"scale":[574.435791015625,88.4022445678711]}},{"PhysicsComponent":{"velocity":[0.0,0.0],"acceleration":[0.0,0.0],"force":[0.0,0.0],"mass":-1.0,"coeff_friction":0.10000000149011612}},{"AABBComponent":{"box":[1148.87158203125,88.4022445678711]}}]},{"name":"JosephsFloor","version":2,"alive":false,"components":[{"RenderComponent":{"texture_path":"character/groundbrick.png","mesh_path":"__builtin_standard_square"}},{"TransformComponent":{"position":[-1348.334228515625,5283.84765625],"layer_z":2.0,"scale":[2634.078125,3569.273681640625]}},{"PhysicsComponent":{"velocity":[-2.948757904519539e-10,0.0],"acceleration":[0.0,0.0],"force":[0.0,0.0],"mass":-1.0,"coeff_friction":0.10000000149011612}},{"AABBComponent":{"box":[5268.15625,3569.273681640625]}}]},{"name":"JosephsFloor","version":1,"alive":true,"components":[{"RenderComponent":{"texture_path":"character/groundbrick.png","mesh_path":"__builtin_standard_square"}},{"TransformComponent":{"position":[-1209.0841064453125,848.3118896484375],"layer_z":2.0,"scale":[1906.143310546875,64.16382598876953]}},{"PhysicsComponent":{"velocity":[-2.948757904519539e-10,0.0],"acceleration":[0.0,0.0],"force":[0.0,0.0],"mass":-1.0,"coeff_friction":0.10000000149011612}},{"AABBComponent":{"box":[3812.28662109375,64.16382598876953]}}]}],"emptyIndices":[9]}