{
  "name": "ball",
  "version": 1,
  "alive": true,
  "components": [
    {
      "RenderComponent": {
        "texture_path": "character/sb_character_flameball01.png",
        "mesh_path": "__builtin_standard_square"
      }
    },
    {
      "TransformComponent": {
        "position": [ 0.47680944204330444, -0.3098515272140503 ],
        "layer_z": 2.0,
        "scale": [ 0.10000000149011612, 0.1304347962141037 ]
      }
    },
    {
      "PhysicsComponent": {
        "velocity": [ -2.948757904519539e-10, -0.018129954114556313 ],
        "acceleration": [ 0.0, 0.0 ],
        "force": [ 0.0, 0.0 ],
        "mass": 1.0,
        "coeff_friction": 0.10000000149011612
      }
    },
    
    { "CircleComponent": { "circle": [ 0.07500000298023224, 0.47680944204330444, -0.3098515272140503 ] } }
  ]
}