{
  "name": "New Deer",
  "version": 1,
  "alive": true,
  "components": [
    {
      "TransformComponent": {
        "position": [
          0,
          0
        ],
        "layer_z": 2.0,
        "scale": [
          -180.743,
          200.000
        ],
        "rotation": 0.0
      }
    },
    {
      "AnimalComponent": {
        "animalType": 1
      }
    },
    {
      "PhysicsComponent": {
        "velocity": [
          0.0,
          0.0
        ],
        "acceleration": [
          0.0,
          -980.0
        ],
        "force": [
          0.0,
          0.0
        ],
        "mass": 1.0,
        "coeff_friction": 0.10000000149011612
      }
    },
    {
      "SkinnedRenderComponent": {
        "atlas_file_path": "art/character/deer/SB_Character_DeerSpineCutout01_v1.atlas",
        "json_file_path": "art/character/deer/SB_Character_DeerSpineCutout01_v1.json",
        "scale": 1.0,
        "currAnimation": "Idle",
        "max_dimension": 2952.34009,
        "atlas_width": 2668.08008,
        "atlas_height": 2952.34009,
        "width": -180.743,
        "height": 200.0,
        "initial_target": 200
      }
    },
    {
      "AABBComponent": {
        "box": [
          361.486,
          400.000
        ]
      }
    }
  ]
}