{
            "name": "Deer",
            "version": 1,
            "alive": true,
            "components": [
                {
                  "SkinnedRenderComponent": {
                    "atlas_file_path": "art/character/deer/SB_Character_DeerSpineCutout01_v1.atlas",
                    "json_file_path": "art/character/deer/SB_Character_DeerSpineCutout01_v1.json",
                    "scale": 1.0,
                    "currAnimation": "Run"
                  }
                },
                {
                    "TransformComponent": {
                        "position": [
                            0.0,
                            200
                        ],
                        "layer_z": 2.0,
                        "scale": [
                            -180.743,
                            200.000
                        ]
                    }
                },
                {
                    "PhysicsComponent": {
                        "velocity": [
                            0.0,
                            0.0
                        ],
                        "acceleration": [
                            0.0,
                            0.0
                        ],
                        "force": [
                            0.0,
                            0.0
                        ],
                        "mass": 1.0,
                        "coeff_friction": 0.10000000149011612
                    }
                },
                {
                    "AABBComponent": {
                        "box": [
                            361.486,
                            400.000
                        ]
                    }
                }
            ]
        }