{"name":"LightBox","version":1,"alive":true,"components":[{"RenderComponent":{"texture_path":"art/character/sb_character_flameball01.png","mesh_path":"__builtin_standard_square"}},{"TransformComponent":{"position":[-8083.0029296875,264.86444091796875],"layer_z":2.0,"scale":[37.5,37.5],"rotation":0.0}},{"PhysicsComponent":{"velocity":[35.354583740234375,3.7102341651916504],"acceleration":[0.0,-490.0],"force":[0.0,0.0],"mass":1.0,"coeff_friction":0.10000000149011612}},{"PlayerComponent":{"underControl":{"index_":0,"version_":0},"animalType":0}},{"CircleComponent":{"circle":[37.5,-9928.271484375,-226.538330078125]}}]}