{
  "name": "Particle Flare Double",
  "version": 0,
  "alive": true,
  "components": [
    {
      "RenderComponent": {
        "texture_path": "art/particles/test_particle.png",
        "mesh_path": "__builtin_standard_square"
      }
    },
    {
      "ParticleComponent": {
        "art_asset": "art/particles/test_particle.png",
        "lifetime": 0.0,
        "acceleration": 0.0,
        "friction": 0.0,
        "rotation_angle": 0.0,
        "start_size": 0.0,
        "end_size": 0.0,
        "rotation_speed": 0.0,
        "velocity": [ 0.0, 0.0 ]
      }
    },
    {
      "TransformComponent": {
        "position": [ 0, 0 ],
        "layer_z": 2.0,
        "scale": [ 0, 0 ]
      }
    }
  ]
}