{
  "name": "New Plant",
  "version": 0,
  "alive": true,
  "components": [
    {
      "TransformComponent": {
        "position": [ 0, 0 ],
        "layer_z": 2.0,
        "scale": [
          100.0,
          100.0
        ],
        "rotation": 0.0
      }
    },
    {
      "AnimalComponent": {
        "animalType": 2
         
      }
    },
    {
      "PhysicsComponent": {
        "velocity": [
          0.0,
          0.0
        ],
        "acceleration": [
          0.0,
          0.0
        ],
        "force": [
          0.0,
          0.0
        ],
        "mass": -1.0,
        "coeff_friction": 999.0
      }
    },
    {
      "RenderComponent": {
        "texture_path": "art/character/empty_entity.png",
        "mesh_path": "__builtin_standard_square"
      }
    },
    
    {
      "AABBComponent": {
        "box": [
          100.0,
          100.0
        ]
      }
    }
  ]
}