{"name":"SlopeGround","version":3,"alive":true,"components":[{"RenderComponent":{"texture_path":"art/character/groundbrick.png","mesh_path":"__builtin_standard_square","tint":[1.0,1.0,1.0,1.0]}},{"TransformComponent":{"position":[0.0,0.0],"layer_z":2.0,"scale":[579.360107421875,94.7760238647461],"rotation":0.7853981852531433}},{"PhysicsComponent":{"velocity":[0.0,0.0],"acceleration":[0.0,0.0],"force":[0.0,0.0],"mass":-1.0,"coeff_friction":0.10000000149011612,"elasticity":0.5}},{"AABBComponent":{"box":[1158.72021484375,189.5520477294922],"tag":5}}]}