 {
            "name": "LightBox",
            "version": 1,
            "alive": true,
            "components": [
                {
                    "RenderComponent": {
                        "texture_path": "art/character/sb_character_flameball01.png",
                        "mesh_path": "__builtin_standard_square"
                    }
                },
                {
                    "TransformComponent": {
                        "position": [
                            -0.5,
                            200
                        ],
                        "layer_z": 2.0,
                        "scale": [
                            37.5,
                            37.5
                        ]
                    }
                },
                {
                    "PhysicsComponent": {
                        "velocity": [
                            0.0,
                            0.0
                        ],
                        "acceleration": [
                            0.0,
                            0.0
                        ],
                        "force": [
                            0.0,
                            0.0
                        ],
                        "mass": 1.0,
                        "coeff_friction": 0.10000000149011612
                    }
                },
                {
                    "PlayerComponent": {}
                },
                {
                    "CircleComponent": {
                        "circle": [
                            0.10000000149011612,
                            -0.5,
                            0.10000000149011612
                        ]
                    }
                }
            ]
        }