{"skeleton":{"hash":"fWUYVi/qCAM","spine":"4.0.61","x":-1413,"y":87,"width":3177,"height":967,"images":"./images/","audio":"E:/G man's stuff/Documents/Digipen Stuff/PRJ252/Team Project/cc-art/Assets/VFX/Wind"},"bones":[{"name":"root"}],"slots":[{"name":"W1 Frame 1","bone":"root","attachment":"W1 Frame 1"},{"name":"W1 Frame 2","bone":"root","attachment":"W1 Frame 2"},{"name":"W1 Frame 3","bone":"root","attachment":"W1 Frame 3"},{"name":"W1 Frame 4","bone":"root","attachment":"W1 Frame 4"},{"name":"W1 Frame 5","bone":"root","attachment":"W1 Frame 5"},{"name":"W1 Frame 6","bone":"root","attachment":"W1 Frame 6"},{"name":"W1 Frame 7","bone":"root","attachment":"W1 Frame 7"},{"name":"W1 Frame 8","bone":"root","attachment":"W1 Frame 8"},{"name":"W1 Frame 9","bone":"root","attachment":"W1 Frame 9"},{"name":"W1 Frame 10","bone":"root","attachment":"W1 Frame 10"},{"name":"W1 Frame 11","bone":"root","attachment":"W1 Frame 11"},{"name":"W2 Frame 1","bone":"root","attachment":"W2 Frame 1"},{"name":"W2 Frame 2","bone":"root","attachment":"W2 Frame 2"},{"name":"W2 Frame 3","bone":"root","attachment":"W2 Frame 3"},{"name":"W2 Frame 4","bone":"root","attachment":"W2 Frame 4"},{"name":"W2 Frame 5","bone":"root","attachment":"W2 Frame 5"},{"name":"W2 Frame 6","bone":"root","attachment":"W2 Frame 6"},{"name":"W2 Frame 7","bone":"root","attachment":"W2 Frame 7"},{"name":"W2 Frame 8","bone":"root","attachment":"W2 Frame 8"},{"name":"W2 Frame 9","bone":"root","attachment":"W2 Frame 9"},{"name":"W2 Frame 10","bone":"root","attachment":"W2 Frame 10"},{"name":"W2 Frame 11","bone":"root","attachment":"W2 Frame 11"},{"name":"W3 Frame 1","bone":"root","attachment":"W3 Frame 1"},{"name":"W3 Frame 2","bone":"root","attachment":"W3 Frame 2"},{"name":"W3 Frame 3","bone":"root","attachment":"W3 Frame 3"},{"name":"W3 Frame 4","bone":"root","attachment":"W3 Frame 4"},{"name":"W3 Frame 5","bone":"root","attachment":"W3 Frame 5"},{"name":"W3 Frame 6","bone":"root","attachment":"W3 Frame 6"},{"name":"W3 Frame 7","bone":"root","attachment":"W3 Frame 7"},{"name":"W3 Frame 8","bone":"root","attachment":"W3 Frame 8"},{"name":"W3 Frame 9","bone":"root","attachment":"W3 Frame 9"},{"name":"W3 Frame 10","bone":"root","attachment":"W3 Frame 10"},{"name":"W3 Frame 11","bone":"root","attachment":"W3 Frame 11"},{"name":"W4 Frame 1","bone":"root","attachment":"W4 Frame 1"},{"name":"W4 Frame 2","bone":"root","attachment":"W4 Frame 2"},{"name":"W4 Frame 3","bone":"root","attachment":"W4 Frame 3"},{"name":"W4 Frame 4","bone":"root","attachment":"W4 Frame 4"},{"name":"W4 Frame 5","bone":"root","attachment":"W4 Frame 5"},{"name":"W4 Frame 6","bone":"root","attachment":"W4 Frame 6"},{"name":"W4 Frame 7","bone":"root","attachment":"W4 Frame 7"},{"name":"W4 Frame 8","bone":"root","attachment":"W4 Frame 8"},{"name":"W4 Frame 9","bone":"root","attachment":"W4 Frame 9"},{"name":"W4 Frame 10","bone":"root","attachment":"W4 Frame 10"},{"name":"W4 Frame 11","bone":"root","attachment":"W4 Frame 11"}],"skins":[{"name":"default","attachments":{"W1 Frame 1":{"W1 Frame 1":{"x":-1361,"y":434,"width":44,"height":18}},"W1 Frame 2":{"W1 Frame 2":{"x":-1130.5,"y":471.5,"width":487,"height":97}},"W1 Frame 3":{"W1 Frame 3":{"x":-666.5,"y":459,"width":1409,"height":152}},"W1 Frame 4":{"W1 Frame 4":{"x":-206,"y":438,"width":2246,"height":200}},"W1 Frame 5":{"W1 Frame 5":{"x":211.5,"y":670.5,"width":2419,"height":659}},"W1 Frame 6":{"W1 Frame 6":{"x":261.5,"y":674.5,"width":2351,"height":649}},"W1 Frame 7":{"W1 Frame 7":{"x":429,"y":662.5,"width":1996,"height":621}},"W1 Frame 8":{"W1 Frame 8":{"x":645.5,"y":659,"width":1505,"height":610}},"W1 Frame 9":{"W1 Frame 9":{"x":1007,"y":649.5,"width":844,"height":585}},"W1 Frame 10":{"W1 Frame 10":{"x":1204,"y":768.5,"width":562,"height":347}},"W1 Frame 11":{"W1 Frame 11":{"x":1221.5,"y":821.5,"width":575,"height":107}},"W2 Frame 1":{"W2 Frame 1":{"x":-1359.5,"y":423.5,"width":47,"height":21}},"W2 Frame 2":{"W2 Frame 2":{"x":-1136,"y":426,"width":482,"height":90}},"W2 Frame 3":{"W2 Frame 3":{"x":-714.5,"y":478.5,"width":1275,"height":199}},"W2 Frame 4":{"W2 Frame 4":{"x":-527.5,"y":451.5,"width":1617,"height":261}},"W2 Frame 5":{"W2 Frame 5":{"x":-106,"y":470.5,"width":1994,"height":319}},"W2 Frame 6":{"W2 Frame 6":{"x":268.5,"y":570,"width":2563,"height":486}},"W2 Frame 7":{"W2 Frame 7":{"x":655,"y":578.5,"width":2044,"height":459}},"W2 Frame 8":{"W2 Frame 8":{"x":779.5,"y":532.5,"width":1807,"height":515}},"W2 Frame 9":{"W2 Frame 9":{"x":1295.5,"y":518,"width":821,"height":544}},"W2 Frame 10":{"W2 Frame 10":{"x":1593,"y":522.5,"width":260,"height":511}},"W2 Frame 11":{"W2 Frame 11":{"x":1627,"y":395,"width":190,"height":262}},"W3 Frame 1":{"W3 Frame 1":{"x":-1383,"y":430,"width":60,"height":26}},"W3 Frame 2":{"W3 Frame 2":{"x":-1179,"y":404,"width":444,"height":74}},"W3 Frame 3":{"W3 Frame 3":{"x":-1054,"y":539,"width":656,"height":344}},"W3 Frame 4":{"W3 Frame 4":{"x":-457,"y":546.5,"width":1808,"height":329}},"W3 Frame 5":{"W3 Frame 5":{"x":-76,"y":533.5,"width":2074,"height":335}},"W3 Frame 6":{"W3 Frame 6":{"x":71,"y":715,"width":2078,"height":678}},"W3 Frame 7":{"W3 Frame 7":{"x":140,"y":733.5,"width":2254,"height":629}},"W3 Frame 8":{"W3 Frame 8":{"x":819.5,"y":741,"width":1299,"height":560}},"W3 Frame 9":{"W3 Frame 9":{"x":1158,"y":694,"width":1016,"height":384}},"W3 Frame 10":{"W3 Frame 10":{"x":1197,"y":658,"width":1030,"height":296}},"W3 Frame 11":{"W3 Frame 11":{"x":1480,"y":562,"width":450,"height":124}},"W4 Frame 1":{"W4 Frame 1":{"x":-1388,"y":417,"width":46,"height":48}},"W4 Frame 2":{"W4 Frame 2":{"x":-1108,"y":466.5,"width":590,"height":169}},"W4 Frame 3":{"W4 Frame 3":{"x":-775,"y":425.5,"width":1212,"height":253}},"W4 Frame 4":{"W4 Frame 4":{"x":-390.5,"y":462,"width":1935,"height":414}},"W4 Frame 5":{"W4 Frame 5":{"x":-49,"y":458.5,"width":2004,"height":417}},"W4 Frame 6":{"W4 Frame 6":{"x":247,"y":451,"width":2390,"height":368}},"W4 Frame 7":{"W4 Frame 7":{"x":777.5,"y":607.5,"width":1701,"height":401}},"W4 Frame 8":{"W4 Frame 8":{"x":1042,"y":658,"width":1438,"height":466}},"W4 Frame 9":{"W4 Frame 9":{"x":1347.5,"y":488,"width":791,"height":802}},"W4 Frame 10":{"W4 Frame 10":{"x":1621,"y":623.5,"width":216,"height":497}},"W4 Frame 11":{"W4 Frame 11":{"x":1640,"y":614.5,"width":248,"height":467}}}}],"animations":{"Wind 1":{"slots":{"W1 Frame 1":{"rgba":[{"time":0.0667,"color":"ffffff00","curve":"stepped"},{"time":0.7333,"color":"ffffff00","curve":"stepped"},{"time":0.8,"color":"ffffffff"}]},"W1 Frame 2":{"rgba":[{"color":"ffffff00","curve":"stepped"},{"time":0.0667,"color":"ffffffff","curve":"stepped"},{"time":0.1333,"color":"ffffff00"}]},"W1 Frame 3":{"rgba":[{"color":"ffffff00","curve":"stepped"},{"time":0.0667,"color":"ffffff00","curve":"stepped"},{"time":0.1333,"color":"ffffffff","curve":"stepped"},{"time":0.2,"color":"ffffff00"}]},"W1 Frame 4":{"rgba":[{"color":"ffffff00","curve":"stepped"},{"time":0.1333,"color":"ffffff00","curve":"stepped"},{"time":0.2,"color":"ffffffff","curve":"stepped"},{"time":0.2667,"color":"ffffff00"}]},"W1 Frame 5":{"rgba":[{"color":"ffffff00","curve":"stepped"},{"time":0.2,"color":"ffffff00","curve":"stepped"},{"time":0.2667,"color":"ffffffff","curve":"stepped"},{"time":0.3333,"color":"ffffff00"}]},"W1 Frame 6":{"rgba":[{"color":"ffffff00","curve":"stepped"},{"time":0.2667,"color":"ffffff00","curve":"stepped"},{"time":0.3333,"color":"ffffffff","curve":"stepped"},{"time":0.4,"color":"ffffff00"}]},"W1 Frame 7":{"rgba":[{"color":"ffffff00","curve":"stepped"},{"time":0.3333,"color":"ffffff00","curve":"stepped"},{"time":0.4,"color":"ffffffff","curve":"stepped"},{"time":0.4667,"color":"ffffff00"}]},"W1 Frame 8":{"rgba":[{"color":"ffffff00","curve":"stepped"},{"time":0.4,"color":"ffffff00","curve":"stepped"},{"time":0.4667,"color":"ffffffff","curve":"stepped"},{"time":0.5333,"color":"ffffff00"}]},"W1 Frame 9":{"rgba":[{"color":"ffffff00","curve":"stepped"},{"time":0.4667,"color":"ffffff00","curve":"stepped"},{"time":0.5333,"color":"fffffffe","curve":"stepped"},{"time":0.6,"color":"ffffff00"}]},"W1 Frame 10":{"rgba":[{"color":"ffffff00","curve":"stepped"},{"time":0.5333,"color":"ffffff00","curve":"stepped"},{"time":0.6,"color":"ffffffff","curve":"stepped"},{"time":0.6667,"color":"ffffff00"}]},"W1 Frame 11":{"rgba":[{"color":"ffffff00","curve":"stepped"},{"time":0.6,"color":"ffffff00","curve":"stepped"},{"time":0.6667,"color":"ffffffff","curve":"stepped"},{"time":0.7333,"color":"ffffff00"}]},"W2 Frame 1":{"rgba":[{"color":"ffffff00"}]},"W2 Frame 2":{"rgba":[{"color":"ffffff00"}]},"W2 Frame 3":{"rgba":[{"color":"ffffff00"}]},"W2 Frame 4":{"rgba":[{"color":"ffffff00"}]},"W2 Frame 5":{"rgba":[{"color":"ffffff00"}]},"W2 Frame 6":{"rgba":[{"color":"ffffff00"}]},"W2 Frame 7":{"rgba":[{"color":"ffffff00"}]},"W2 Frame 8":{"rgba":[{"color":"ffffff00"}]},"W2 Frame 9":{"rgba":[{"color":"ffffff00"}]},"W2 Frame 10":{"rgba":[{"color":"ffffff00"}]},"W2 Frame 11":{"rgba":[{"color":"ffffff00"}]},"W3 Frame 1":{"rgba":[{"color":"ffffff00"}]},"W3 Frame 2":{"rgba":[{"color":"ffffff00"}]},"W3 Frame 3":{"rgba":[{"color":"ffffff00"}]},"W3 Frame 4":{"rgba":[{"color":"ffffff00"}]},"W3 Frame 5":{"rgba":[{"color":"ffffff00"}]},"W3 Frame 6":{"rgba":[{"color":"ffffff00"}]},"W3 Frame 7":{"rgba":[{"color":"ffffff00"}]},"W3 Frame 8":{"rgba":[{"color":"ffffff00"}]},"W3 Frame 9":{"rgba":[{"color":"ffffff00"}]},"W3 Frame 10":{"rgba":[{"color":"ffffff00"}]},"W3 Frame 11":{"rgba":[{"color":"ffffff00"}]},"W4 Frame 1":{"rgba":[{"color":"ffffff00"}]},"W4 Frame 2":{"rgba":[{"color":"ffffff00"}]},"W4 Frame 3":{"rgba":[{"color":"ffffff00"}]},"W4 Frame 4":{"rgba":[{"color":"ffffff00"}]},"W4 Frame 5":{"rgba":[{"color":"ffffff00"}]},"W4 Frame 6":{"rgba":[{"color":"ffffff00"}]},"W4 Frame 7":{"rgba":[{"color":"ffffff00"}]},"W4 Frame 8":{"rgba":[{"color":"ffffff00"}]},"W4 Frame 9":{"rgba":[{"color":"ffffff00"}]},"W4 Frame 10":{"rgba":[{"color":"ffffff00"}]},"W4 Frame 11":{"rgba":[{"color":"ffffff00"}]}}},"Wind 2":{"slots":{"W1 Frame 1":{"rgba":[{"color":"ffffff00"}]},"W1 Frame 2":{"rgba":[{"color":"ffffff00"}]},"W1 Frame 3":{"rgba":[{"color":"ffffff00"}]},"W1 Frame 4":{"rgba":[{"color":"ffffff00"}]},"W1 Frame 5":{"rgba":[{"color":"ffffff00"}]},"W1 Frame 6":{"rgba":[{"color":"ffffff00"}]},"W1 Frame 7":{"rgba":[{"color":"ffffff00"}]},"W1 Frame 8":{"rgba":[{"color":"ffffff00"}]},"W1 Frame 9":{"rgba":[{"color":"ffffff00"}]},"W1 Frame 10":{"rgba":[{"color":"ffffff00"}]},"W1 Frame 11":{"rgba":[{"color":"ffffff00"}]},"W2 Frame 1":{"rgba":[{"color":"ffffffff","curve":"stepped"},{"time":0.0667,"color":"ffffff00","curve":"stepped"},{"time":0.7333,"color":"ffffff00","curve":"stepped"},{"time":0.8,"color":"ffffffff"}]},"W2 Frame 2":{"rgba":[{"color":"ffffff00","curve":"stepped"},{"time":0.0667,"color":"ffffffff","curve":"stepped"},{"time":0.1333,"color":"ffffff00"}]},"W2 Frame 3":{"rgba":[{"color":"ffffff00","curve":"stepped"},{"time":0.0667,"color":"ffffff00","curve":"stepped"},{"time":0.1333,"color":"ffffffff","curve":"stepped"},{"time":0.2,"color":"ffffff00"}]},"W2 Frame 4":{"rgba":[{"color":"ffffff00","curve":"stepped"},{"time":0.1333,"color":"ffffff00","curve":"stepped"},{"time":0.2,"color":"fffffffe","curve":"stepped"},{"time":0.2667,"color":"ffffff00"}]},"W2 Frame 5":{"rgba":[{"color":"ffffff00","curve":"stepped"},{"time":0.2,"color":"ffffff00","curve":"stepped"},{"time":0.2667,"color":"ffffffff","curve":"stepped"},{"time":0.3333,"color":"ffffff00"}]},"W2 Frame 6":{"rgba":[{"color":"ffffff00","curve":"stepped"},{"time":0.2667,"color":"ffffff00","curve":"stepped"},{"time":0.3333,"color":"ffffffff","curve":"stepped"},{"time":0.4,"color":"ffffff00"}]},"W2 Frame 7":{"rgba":[{"color":"ffffff00","curve":"stepped"},{"time":0.3333,"color":"ffffff00","curve":"stepped"},{"time":0.4,"color":"ffffffff","curve":"stepped"},{"time":0.4667,"color":"ffffff00"}]},"W2 Frame 8":{"rgba":[{"color":"ffffff00","curve":"stepped"},{"time":0.4,"color":"ffffff00","curve":"stepped"},{"time":0.4667,"color":"ffffffff","curve":"stepped"},{"time":0.5333,"color":"ffffff00"}]},"W2 Frame 9":{"rgba":[{"color":"ffffff00","curve":"stepped"},{"time":0.4667,"color":"ffffff00","curve":"stepped"},{"time":0.5333,"color":"ffffffff","curve":"stepped"},{"time":0.6,"color":"ffffff00"}]},"W2 Frame 10":{"rgba":[{"color":"ffffff00","curve":"stepped"},{"time":0.5333,"color":"ffffff00","curve":"stepped"},{"time":0.6,"color":"ffffffff","curve":"stepped"},{"time":0.6667,"color":"ffffff00"}]},"W2 Frame 11":{"rgba":[{"color":"ffffff00","curve":"stepped"},{"time":0.6,"color":"ffffff00","curve":"stepped"},{"time":0.6667,"color":"ffffffff","curve":"stepped"},{"time":0.7333,"color":"ffffff00"}]},"W3 Frame 1":{"rgba":[{"color":"ffffff00"}]},"W3 Frame 2":{"rgba":[{"color":"ffffff00"}]},"W3 Frame 3":{"rgba":[{"color":"ffffff00"}]},"W3 Frame 4":{"rgba":[{"color":"ffffff00"}]},"W3 Frame 5":{"rgba":[{"color":"ffffff00"}]},"W3 Frame 6":{"rgba":[{"color":"ffffff00"}]},"W3 Frame 7":{"rgba":[{"color":"ffffff00"}]},"W3 Frame 8":{"rgba":[{"color":"ffffff00"}]},"W3 Frame 9":{"rgba":[{"color":"ffffff00"}]},"W3 Frame 10":{"rgba":[{"color":"ffffff00"}]},"W3 Frame 11":{"rgba":[{"color":"ffffff00"}]},"W4 Frame 1":{"rgba":[{"color":"ffffff00"}]},"W4 Frame 2":{"rgba":[{"color":"ffffff00"}]},"W4 Frame 3":{"rgba":[{"color":"ffffff00"}]},"W4 Frame 4":{"rgba":[{"color":"ffffff00"}]},"W4 Frame 5":{"rgba":[{"color":"ffffff00"}]},"W4 Frame 6":{"rgba":[{"color":"ffffff00"}]},"W4 Frame 7":{"rgba":[{"color":"ffffff00"}]},"W4 Frame 8":{"rgba":[{"color":"ffffff00"}]},"W4 Frame 9":{"rgba":[{"color":"ffffff00"}]},"W4 Frame 10":{"rgba":[{"color":"ffffff00"}]},"W4 Frame 11":{"rgba":[{"color":"ffffff00"}]}}},"Wind 3":{"slots":{"W1 Frame 1":{"rgba":[{"color":"ffffff00"}]},"W1 Frame 2":{"rgba":[{"color":"ffffff00"}]},"W1 Frame 3":{"rgba":[{"color":"ffffff00"}]},"W1 Frame 4":{"rgba":[{"color":"ffffff00"}]},"W1 Frame 5":{"rgba":[{"color":"ffffff00"}]},"W1 Frame 6":{"rgba":[{"color":"ffffff00"}]},"W1 Frame 7":{"rgba":[{"color":"ffffff00"}]},"W1 Frame 8":{"rgba":[{"color":"ffffff00"}]},"W1 Frame 9":{"rgba":[{"color":"ffffff00"}]},"W1 Frame 10":{"rgba":[{"color":"ffffff00"}]},"W1 Frame 11":{"rgba":[{"color":"ffffff00"}]},"W2 Frame 1":{"rgba":[{"color":"ffffff00"}]},"W2 Frame 2":{"rgba":[{"color":"ffffff00"}]},"W2 Frame 3":{"rgba":[{"color":"ffffff00"}]},"W2 Frame 4":{"rgba":[{"color":"ffffff00"}]},"W2 Frame 5":{"rgba":[{"color":"ffffff00"}]},"W2 Frame 6":{"rgba":[{"color":"ffffff00"}]},"W2 Frame 7":{"rgba":[{"color":"ffffff00"}]},"W2 Frame 8":{"rgba":[{"color":"ffffff00"}]},"W2 Frame 9":{"rgba":[{"color":"ffffff00"}]},"W2 Frame 10":{"rgba":[{"color":"ffffff00"}]},"W2 Frame 11":{"rgba":[{"color":"ffffff00"}]},"W3 Frame 1":{"rgba":[{"time":0.0667,"color":"ffffff00","curve":"stepped"},{"time":0.7333,"color":"ffffff00","curve":"stepped"},{"time":0.8,"color":"ffffffff"}]},"W3 Frame 2":{"rgba":[{"color":"ffffff00","curve":"stepped"},{"time":0.0667,"color":"ffffffff","curve":"stepped"},{"time":0.1333,"color":"ffffff00"}]},"W3 Frame 3":{"rgba":[{"color":"ffffff00","curve":"stepped"},{"time":0.0667,"color":"ffffff00","curve":"stepped"},{"time":0.1333,"color":"ffffffff","curve":"stepped"},{"time":0.2,"color":"ffffff00"}]},"W3 Frame 4":{"rgba":[{"color":"ffffff00","curve":"stepped"},{"time":0.1333,"color":"ffffff00","curve":"stepped"},{"time":0.2,"color":"ffffffff","curve":"stepped"},{"time":0.2667,"color":"ffffff00"}]},"W3 Frame 5":{"rgba":[{"color":"ffffff00","curve":"stepped"},{"time":0.2,"color":"ffffff00","curve":"stepped"},{"time":0.2667,"color":"ffffffff","curve":"stepped"},{"time":0.3333,"color":"ffffff00"}]},"W3 Frame 6":{"rgba":[{"color":"ffffff00","curve":"stepped"},{"time":0.2667,"color":"ffffff00","curve":"stepped"},{"time":0.3333,"color":"ffffffff","curve":"stepped"},{"time":0.4,"color":"ffffff00"}]},"W3 Frame 7":{"rgba":[{"color":"ffffff00","curve":"stepped"},{"time":0.3333,"color":"ffffff00","curve":"stepped"},{"time":0.4,"color":"ffffffff","curve":"stepped"},{"time":0.4667,"color":"ffffff00"}]},"W3 Frame 8":{"rgba":[{"color":"ffffff00","curve":"stepped"},{"time":0.4,"color":"ffffff00","curve":"stepped"},{"time":0.4667,"color":"ffffffff","curve":"stepped"},{"time":0.5333,"color":"ffffff00"}]},"W3 Frame 9":{"rgba":[{"color":"ffffff00","curve":"stepped"},{"time":0.4667,"color":"ffffff00","curve":"stepped"},{"time":0.5333,"color":"ffffffff","curve":"stepped"},{"time":0.6,"color":"ffffff00"}]},"W3 Frame 10":{"rgba":[{"color":"ffffff00","curve":"stepped"},{"time":0.5333,"color":"ffffff00","curve":"stepped"},{"time":0.6,"color":"ffffffff","curve":"stepped"},{"time":0.6667,"color":"ffffff00"}]},"W3 Frame 11":{"rgba":[{"color":"ffffff00","curve":"stepped"},{"time":0.6,"color":"ffffff00","curve":"stepped"},{"time":0.6667,"color":"ffffffff","curve":"stepped"},{"time":0.7333,"color":"ffffff00"}]},"W4 Frame 1":{"rgba":[{"color":"ffffff00"}]},"W4 Frame 2":{"rgba":[{"color":"ffffff00"}]},"W4 Frame 3":{"rgba":[{"color":"ffffff00"}]},"W4 Frame 4":{"rgba":[{"color":"ffffff00"}]},"W4 Frame 5":{"rgba":[{"color":"ffffff00"}]},"W4 Frame 6":{"rgba":[{"color":"ffffff00"}]},"W4 Frame 7":{"rgba":[{"color":"ffffff00"}]},"W4 Frame 8":{"rgba":[{"color":"ffffff00"}]},"W4 Frame 9":{"rgba":[{"color":"ffffff00"}]},"W4 Frame 10":{"rgba":[{"color":"ffffff00"}]},"W4 Frame 11":{"rgba":[{"color":"ffffff00"}]}}},"Wind 4":{"slots":{"W1 Frame 1":{"rgba":[{"color":"ffffff00"}]},"W1 Frame 2":{"rgba":[{"color":"ffffff00"}]},"W1 Frame 3":{"rgba":[{"color":"ffffff00"}]},"W1 Frame 4":{"rgba":[{"color":"ffffff00"}]},"W1 Frame 5":{"rgba":[{"color":"ffffff00"}]},"W1 Frame 6":{"rgba":[{"color":"ffffff00"}]},"W1 Frame 7":{"rgba":[{"color":"ffffff00"}]},"W1 Frame 8":{"rgba":[{"color":"ffffff00"}]},"W1 Frame 9":{"rgba":[{"color":"ffffff00"}]},"W1 Frame 10":{"rgba":[{"color":"ffffff00"}]},"W1 Frame 11":{"rgba":[{"color":"ffffff00"}]},"W2 Frame 1":{"rgba":[{"color":"ffffff00"}]},"W2 Frame 2":{"rgba":[{"color":"ffffff00"}]},"W2 Frame 3":{"rgba":[{"color":"ffffff00"}]},"W2 Frame 4":{"rgba":[{"color":"ffffff00"}]},"W2 Frame 5":{"rgba":[{"color":"ffffff00"}]},"W2 Frame 6":{"rgba":[{"color":"ffffff00"}]},"W2 Frame 7":{"rgba":[{"color":"ffffff00"}]},"W2 Frame 8":{"rgba":[{"color":"ffffff00"}]},"W2 Frame 9":{"rgba":[{"color":"ffffff00"}]},"W2 Frame 10":{"rgba":[{"color":"ffffff00"}]},"W2 Frame 11":{"rgba":[{"color":"ffffff00"}]},"W3 Frame 1":{"rgba":[{"color":"ffffff00"}]},"W3 Frame 2":{"rgba":[{"color":"ffffff00"}]},"W3 Frame 3":{"rgba":[{"color":"ffffff00"}]},"W3 Frame 4":{"rgba":[{"color":"ffffff00"}]},"W3 Frame 5":{"rgba":[{"color":"ffffff00"}]},"W3 Frame 6":{"rgba":[{"color":"ffffff00"}]},"W3 Frame 7":{"rgba":[{"color":"ffffff00"}]},"W3 Frame 8":{"rgba":[{"color":"ffffff00"}]},"W3 Frame 9":{"rgba":[{"color":"ffffff00"}]},"W3 Frame 10":{"rgba":[{"color":"ffffff00"}]},"W3 Frame 11":{"rgba":[{"color":"ffffff00"}]},"W4 Frame 1":{"rgba":[{"color":"ffffffff","curve":"stepped"},{"time":0.0667,"color":"ffffff00","curve":"stepped"},{"time":0.7333,"color":"ffffff00","curve":"stepped"},{"time":0.8,"color":"ffffffff"}]},"W4 Frame 2":{"rgba":[{"color":"ffffff00","curve":"stepped"},{"time":0.0667,"color":"ffffffff","curve":"stepped"},{"time":0.1333,"color":"ffffff00"}]},"W4 Frame 3":{"rgba":[{"color":"ffffff00","curve":"stepped"},{"time":0.0667,"color":"ffffff00","curve":"stepped"},{"time":0.1333,"color":"ffffffff","curve":"stepped"},{"time":0.2,"color":"ffffff00"}]},"W4 Frame 4":{"rgba":[{"color":"ffffff00","curve":"stepped"},{"time":0.1333,"color":"ffffff00","curve":"stepped"},{"time":0.2,"color":"ffffffff","curve":"stepped"},{"time":0.2667,"color":"ffffff00"}]},"W4 Frame 5":{"rgba":[{"color":"ffffff00","curve":"stepped"},{"time":0.2,"color":"ffffff00","curve":"stepped"},{"time":0.2667,"color":"fffffffe","curve":"stepped"},{"time":0.3333,"color":"ffffff00"}]},"W4 Frame 6":{"rgba":[{"color":"ffffff00","curve":"stepped"},{"time":0.2667,"color":"ffffff00","curve":"stepped"},{"time":0.3333,"color":"ffffffff","curve":"stepped"},{"time":0.4,"color":"ffffff00"}]},"W4 Frame 7":{"rgba":[{"color":"ffffff00","curve":"stepped"},{"time":0.3333,"color":"ffffff00","curve":"stepped"},{"time":0.4,"color":"ffffffff","curve":"stepped"},{"time":0.4667,"color":"ffffff00"}]},"W4 Frame 8":{"rgba":[{"color":"ffffff00","curve":"stepped"},{"time":0.4,"color":"ffffff00","curve":"stepped"},{"time":0.4667,"color":"ffffffff","curve":"stepped"},{"time":0.5333,"color":"ffffff00"}]},"W4 Frame 9":{"rgba":[{"color":"ffffff00","curve":"stepped"},{"time":0.4667,"color":"ffffff00","curve":"stepped"},{"time":0.5333,"color":"ffffffff","curve":"stepped"},{"time":0.6,"color":"ffffff00"}]},"W4 Frame 10":{"rgba":[{"color":"ffffff00","curve":"stepped"},{"time":0.5333,"color":"ffffff00","curve":"stepped"},{"time":0.6,"color":"ffffffff","curve":"stepped"},{"time":0.6667,"color":"ffffff00"}]},"W4 Frame 11":{"rgba":[{"color":"ffffff00","curve":"stepped"},{"time":0.6,"color":"ffffff00","curve":"stepped"},{"time":0.6667,"color":"ffffffff","curve":"stepped"},{"time":0.7333,"color":"ffffff00"}]}}}}}