{
"skeleton": {
	"hash": "Sgb8NIkKMMU",
	"spine": "4.0.49",
	"x": -377.31,
	"y": -595.94,
	"width": 722.12,
	"height": 1102.01,
	"images": "./images/",
	"audio": "C:/Users/grady/OneDrive/Documents/Digipen Stuff/PRJ252/Team Project/cc-art/Assets/Character/Ball of Light"
},
"bones": [
	{ "name": "root" }
],
"slots": [
	{ "name": "Layer 3", "bone": "root", "attachment": "Layer 3" },
	{ "name": "Frame 1", "bone": "root", "attachment": "Frame 1" },
	{ "name": "Core 1", "bone": "root", "attachment": "Core 1" },
	{ "name": "Frame 2", "bone": "root", "attachment": "Frame 2" },
	{ "name": "Core 2", "bone": "root", "attachment": "Core 2" },
	{ "name": "Frame 3", "bone": "root", "attachment": "Frame 3" },
	{ "name": "Core 3", "bone": "root", "attachment": "Core 3" },
	{ "name": "Frame 4", "bone": "root", "attachment": "Frame 4" },
	{ "name": "Core 4", "bone": "root", "attachment": "Core 4" },
	{ "name": "Frame 5", "bone": "root", "attachment": "Frame 5" },
	{ "name": "Core 5", "bone": "root", "attachment": "Core 5" },
	{ "name": "Frame 6", "bone": "root", "attachment": "Frame 6" },
	{ "name": "Core 6", "bone": "root", "attachment": "Core 6" }
],
"skins": [
	{
		"name": "default",
		"attachments": {
			"Core 1": {
				"Core 1": {
					"type": "mesh",
					"uvs": [ 0.50505, 0, 0.99954, 0.3557, 0.96022, 0.87063, 0.28646, 0.99832, 0, 0.45079, 0.01632, 0.223, 0.49642, 0 ],
					"triangles": [ 1, 3, 0, 6, 4, 5, 3, 4, 6, 3, 6, 0, 1, 2, 3 ],
					"vertices": [ -12.69, -98.28, 154.45, -200.37, 141.16, -348.15, -86.57, -384.8, -183.4, -227.66, -177.88, -162.29, -15.61, -98.28 ],
					"hull": 7,
					"edges": [ 0, 12, 0, 2, 2, 4, 4, 6, 6, 8, 8, 10, 10, 12 ],
					"width": 338,
					"height": 287
				}
			},
			"Core 2": {
				"Core 2": {
					"type": "mesh",
					"uvs": [ 1, 0.31953, 1, 0.33013, 0.83813, 0.85518, 0.41588, 1, 0.05595, 0.76952, 0.00235, 0.32303, 0.49345, 4.8E-4 ],
					"triangles": [ 6, 0, 1, 4, 5, 6, 2, 6, 1, 3, 4, 6, 2, 3, 6 ],
					"vertices": [ 179.6, -217.6, 179.6, -220.43, 130.23, -360.62, 1.44, -399.28, -108.34, -337.75, -124.68, -218.53, 25.1, -132.41 ],
					"hull": 7,
					"edges": [ 0, 12, 0, 2, 2, 4, 4, 6, 6, 8, 8, 10, 10, 12 ],
					"width": 305,
					"height": 267
				}
			},
			"Core 3": {
				"Core 3": {
					"type": "mesh",
					"uvs": [ 0.46265, 0, 0.99967, 0.28908, 0.87671, 0.73577, 0.62232, 0.98049, 0.28878, 0.99877, 1.0E-5, 0.66018, 0.01219, 0.22251 ],
					"triangles": [ 2, 0, 1, 3, 0, 2, 5, 6, 0, 0, 4, 5, 3, 4, 0 ],
					"vertices": [ 3.72, -143.28, 174.49, -215.27, 135.39, -326.49, 54.5, -387.43, -51.57, -391.98, -143.4, -307.67, -139.52, -198.69 ],
					"hull": 7,
					"edges": [ 0, 12, 0, 2, 2, 4, 4, 6, 6, 8, 8, 10, 10, 12 ],
					"width": 318,
					"height": 249
				}
			},
			"Core 4": {
				"Core 4": {
					"type": "mesh",
					"uvs": [ 0.47613, 0, 0.94646, 0.21484, 1, 0.47824, 0.78335, 0.9996, 0.1208, 0.8609, 0, 0.4313, 0, 0.42507, 0.46329, 0 ],
					"triangles": [ 5, 6, 7, 4, 5, 7, 2, 3, 0, 2, 0, 1, 4, 7, 0, 3, 4, 0 ],
					"vertices": [ 0.87, -99.28, 163.13, -162.23, 181.6, -239.41, 106.86, -392.17, -121.72, -351.53, -163.4, -225.66, -163.4, -223.83, -3.56, -99.28 ],
					"hull": 8,
					"edges": [ 0, 14, 0, 2, 2, 4, 4, 6, 6, 8, 8, 10, 10, 12, 12, 14 ],
					"width": 345,
					"height": 293
				}
			},
			"Core 5": {
				"Core 5": {
					"type": "mesh",
					"uvs": [ 0.44935, 0, 0.99843, 0.31219, 0.99233, 0.77797, 0.31711, 1, 6.7E-4, 0.70266, 0.02314, 0.36558, 0.44168, 0 ],
					"triangles": [ 1, 3, 0, 0, 3, 5, 4, 5, 3, 0, 5, 6, 1, 2, 3 ],
					"vertices": [ -38.66, -14.28, 143.08, -121.99, 141.06, -282.68, -82.44, -359.28, -187.18, -256.7, -179.74, -140.41, -41.2, -14.28 ],
					"hull": 7,
					"edges": [ 0, 12, 0, 2, 2, 4, 4, 6, 6, 8, 8, 10, 10, 12 ],
					"width": 331,
					"height": 345
				}
			},
			"Core 6": {
				"Core 6": {
					"type": "mesh",
					"uvs": [ 1, 0.29823, 0.97392, 0.61576, 0.40707, 1, 0.05105, 0.57462, 0, 0.28357, 0.40106, 4.8E-4 ],
					"triangles": [ 3, 4, 5, 1, 5, 0, 3, 5, 1, 2, 3, 1 ],
					"vertices": [ 143.6, -156.51, 134.4, -260.02, -65.71, -385.28, -191.38, -246.61, -209.4, -151.73, -67.83, -59.44 ],
					"hull": 6,
					"edges": [ 0, 10, 0, 2, 2, 4, 4, 6, 6, 8, 8, 10 ],
					"width": 353,
					"height": 326
				}
			},
			"Frame 1": {
				"Frame 1": {
					"type": "mesh",
					"uvs": [ 1, 1, 0, 1, 0, 0, 1, 0 ],
					"triangles": [ 1, 2, 3, 1, 3, 0 ],
					"vertices": [ 268.6, -473.28, -259.4, -473.28, -259.4, 461.72, 268.6, 461.72 ],
					"hull": 4,
					"edges": [ 0, 2, 2, 4, 4, 6, 0, 6 ],
					"width": 528,
					"height": 935
				}
			},
			"Frame 2": {
				"Frame 2": {
					"type": "mesh",
					"uvs": [ 0.86963, 0.04405, 1, 0.24681, 1, 0.24838, 0.6503, 0.34929, 0.56204, 0.37697, 0.82906, 0.48077, 0.90098, 0.75618, 0.74332, 0.95088, 0.42234, 0.99983, 0.06344, 0.89524, 0, 0.76653, 0, 0.73328, 0.31413, 0.52508, 0.32447, 0.48999, 0.09483, 0.45981, 0.16866, 0.32902, 0.70952, 0.18155, 0.71097, 0.14694, 0.55183, 0.14704, 0.42914, 0.07129, 0.74362, 3.8E-4 ],
					"triangles": [ 20, 18, 19, 17, 20, 0, 17, 18, 20, 17, 0, 1, 16, 17, 1, 16, 1, 2, 16, 4, 15, 3, 16, 2, 3, 4, 16, 13, 15, 4, 14, 15, 13, 10, 11, 12, 13, 4, 5, 10, 8, 9, 12, 5, 6, 5, 12, 13, 6, 8, 12, 12, 8, 10, 8, 6, 7 ],
					"vertices": [ 216.2, 419.19, 283.6, 232.65, 283.6, 231.21, 102.81, 138.36, 57.18, 112.9, 195.23, 17.4, 232.41, -235.97, 150.9, -415.09, -15.05, -460.13, -200.6, -363.91, -233.4, -245.49, -233.4, -214.9, -70.99, -23.36, -65.65, 8.92, -184.37, 36.69, -146.2, 157.02, 133.42, 292.69, 134.17, 324.53, 51.9, 324.44, -11.53, 394.13, 151.05, 459.37 ],
					"hull": 21,
					"edges": [ 0, 40, 0, 2, 2, 4, 4, 6, 6, 8, 8, 10, 10, 12, 12, 14, 14, 16, 16, 18, 18, 20, 20, 22, 22, 24, 24, 26, 26, 28, 28, 30, 30, 32, 32, 34, 34, 36, 36, 38, 38, 40 ],
					"width": 517,
					"height": 920
				}
			},
			"Frame 3": {
				"Frame 3": {
					"type": "mesh",
					"uvs": [ 1, 1, 0, 1, 0, 0, 1, 0 ],
					"triangles": [ 1, 2, 3, 1, 3, 0 ],
					"vertices": [ 260.6, -467.28, -212.4, -467.28, -212.4, 394.72, 260.6, 394.72 ],
					"hull": 4,
					"edges": [ 0, 2, 2, 4, 4, 6, 0, 6 ],
					"width": 473,
					"height": 862
				}
			},
			"Frame 4": {
				"Frame 4": {
					"type": "mesh",
					"uvs": [ 0.81771, 0, 0.91428, 0.08104, 1, 0.10361, 1, 0.12661, 0.75986, 0.3122, 0.90421, 0.38383, 0.9061, 0.39651, 0.91548, 0.46604, 0.9068, 0.46868, 0.66826, 0.53762, 1, 0.65723, 1, 0.66761, 0.90224, 0.88319, 0.86855, 0.90452, 0.7246, 1, 0.71264, 0.9991, 0.23025, 0.95134, 0.17298, 0.94809, 4.0E-5, 0.74739, 0.05386, 0.70833, 0.15185, 0.63625, 0.12354, 0.59249, 0.32225, 0.46099, 0.19887, 0.35639, 0.11111, 0.32184, 0.10661, 0.24254, 0.10769, 0.24827, 0.29771, 0.18104, 0.4, 0.15753, 0.81289, 0.25066, 0.90173, 0.10186, 0.75823, 0.03446, 0.78288, 0 ],
					"triangles": [ 0, 31, 32, 0, 1, 31, 30, 31, 1, 30, 1, 2, 30, 2, 3, 29, 30, 3, 4, 28, 29, 4, 29, 3, 23, 24, 26, 25, 26, 24, 27, 23, 26, 23, 28, 4, 28, 23, 27, 22, 23, 4, 8, 6, 7, 9, 22, 4, 6, 9, 4, 6, 4, 5, 9, 6, 8, 20, 21, 22, 9, 10, 11, 12, 9, 11, 13, 9, 12, 16, 19, 20, 9, 20, 22, 13, 20, 9, 16, 18, 19, 17, 18, 16, 13, 16, 20, 15, 16, 13, 14, 15, 13 ],
					"vertices": [ 163.74, 472.72, 210.28, 399.37, 251.6, 378.95, 251.6, 358.13, 135.85, 190.17, 205.43, 125.35, 206.34, 113.87, 210.86, 50.95, 206.68, 48.56, 91.7, -13.83, 251.6, -122.07, 251.6, -131.47, 204.48, -326.57, 188.24, -345.88, 118.86, -432.28, 113.09, -431.47, -119.42, -388.25, -147.02, -385.31, -230.38, -203.68, -204.44, -168.32, -157.21, -103.09, -170.85, -63.48, -75.08, 55.52, -134.54, 150.18, -176.85, 181.45, -179.01, 253.22, -178.49, 248.03, -86.9, 308.87, -37.6, 330.15, 161.41, 245.87, 204.23, 380.53, 135.07, 441.53, 146.95, 472.72 ],
					"hull": 33,
					"edges": [ 0, 64, 0, 2, 2, 4, 4, 6, 6, 8, 8, 10, 10, 12, 12, 14, 14, 16, 16, 18, 18, 20, 20, 22, 22, 24, 24, 26, 26, 28, 28, 30, 30, 32, 32, 34, 34, 36, 36, 38, 38, 40, 40, 42, 42, 44, 44, 46, 46, 48, 48, 50, 50, 52, 52, 54, 54, 56, 56, 58, 58, 60, 60, 62, 62, 64 ],
					"width": 482,
					"height": 905
				}
			},
			"Frame 5": {
				"Frame 5": {
					"type": "mesh",
					"uvs": [ 0.76442, 0, 0.96332, 0.10969, 0.73548, 0.22979, 0.74251, 0.30905, 0.9983, 0.42658, 0.94573, 0.92103, 0.17644, 1, 0.16675, 1, 4.0E-5, 0.83688, 0.00436, 0.41447, 0.13164, 0.1585, 0.40486, 0.10285, 0.73461, 0.22974, 0.88282, 0.15017, 0.72721, 0 ],
					"triangles": [ 13, 0, 1, 14, 0, 13, 2, 12, 13, 2, 13, 1, 3, 4, 8, 10, 12, 9, 12, 10, 11, 9, 2, 8, 7, 8, 6, 12, 2, 9, 3, 8, 2, 8, 4, 6, 5, 6, 4 ],
					"vertices": [ 130.88, 492.72, 220.99, 393.01, 117.77, 283.84, 120.96, 211.79, 236.83, 104.95, 213.02, -344.5, -135.47, -416.28, -139.86, -416.28, -215.38, -268.01, -213.42, 115.96, -155.77, 348.64, -32, 399.22, 117.38, 283.88, 184.52, 356.21, 114.03, 492.72 ],
					"hull": 15,
					"edges": [ 0, 28, 0, 2, 2, 4, 4, 6, 6, 8, 8, 10, 10, 12, 12, 14, 14, 16, 16, 18, 18, 20, 20, 22, 22, 24, 24, 26, 26, 28 ],
					"width": 453,
					"height": 909
				}
			},
			"Frame 6": {
				"Frame 6": {
					"type": "mesh",
					"uvs": [ 0.85966, 0.05503, 0.78416, 0.18672, 0.67215, 0.24891, 1, 0.35317, 1, 0.36849, 0.81236, 0.42579, 0.66075, 0.45564, 1, 0.70403, 1, 0.73443, 0.95362, 0.9241, 0.57118, 0.99472, 0.28995, 0.99956, 0.01682, 0.85723, 2.4E-4, 0.69386, 0.13815, 0.48349, 0.48468, 0.35262, 0.59896, 0.28825, 0.4783, 0.18431, 0.29791, 0.18144, 0.19077, 0.38216, 0.13852, 0.31834, 0.1749, 0.22695, 0.45388, 0.04874, 0.68408, 6.7E-4 ],
					"triangles": [ 1, 17, 22, 23, 1, 22, 18, 22, 17, 0, 1, 23, 18, 21, 22, 2, 17, 1, 16, 17, 2, 5, 2, 3, 19, 20, 18, 18, 20, 21, 4, 5, 3, 16, 2, 5, 6, 15, 16, 5, 6, 16, 14, 15, 6, 14, 6, 7, 8, 12, 13, 14, 7, 8, 13, 14, 8, 9, 10, 8, 10, 12, 8, 11, 12, 10 ],
					"vertices": [ 168.67, 454.72, 132.13, 330.26, 77.92, 271.49, 236.6, 172.97, 236.6, 158.49, 145.78, 104.34, 72.4, 76.14, 236.6, -158.59, 236.6, -187.32, 214.15, -366.56, 29.05, -433.29, -107.06, -437.87, -239.26, -303.37, -247.29, -148.99, -180.54, 49.82, -12.81, 173.49, 42.5, 234.31, -15.9, 332.54, -103.21, 335.25, -155.06, 145.57, -180.35, 205.88, -162.75, 292.24, -27.72, 460.66, 83.69, 506.08 ],
					"hull": 24,
					"edges": [ 0, 46, 0, 2, 2, 4, 4, 6, 6, 8, 8, 10, 10, 12, 12, 14, 14, 16, 16, 18, 18, 20, 20, 22, 22, 24, 24, 26, 26, 28, 28, 30, 30, 32, 32, 34, 34, 36, 36, 38, 38, 40, 40, 42, 42, 44, 44, 46 ],
					"width": 484,
					"height": 945
				}
			},
			"Layer 3": {
				"Layer 3": {
					"type": "mesh",
					"uvs": [ 0.54377, 0.06877, 0.64539, 0.08825, 0.74871, 0.13593, 0.85234, 0.2389, 0.89908, 0.32322, 0.92654, 0.40373, 0.93859, 0.5073, 0.92027, 0.62779, 0.87933, 0.71699, 0.81908, 0.80323, 0.73007, 0.87212, 0.66327, 0.90382, 0.56231, 0.9318, 0.42893, 0.93549, 0.28962, 0.88304, 0.18658, 0.805, 0.12469, 0.71826, 0.09183, 0.64788, 0.07492, 0.57945, 0.06541, 0.47924, 0.08812, 0.36029, 0.13113, 0.27469, 0.19503, 0.18935, 0.28171, 0.12606, 0.36559, 0.08752, 0.44603, 0.06875 ],
					"triangles": [ 18, 19, 20, 5, 8, 4, 6, 8, 5, 21, 18, 20, 16, 17, 18, 4, 2, 3, 6, 7, 8, 18, 10, 16, 8, 1, 2, 4, 8, 2, 18, 21, 10, 14, 15, 16, 24, 25, 0, 23, 24, 0, 22, 23, 8, 1, 8, 0, 23, 0, 8, 22, 8, 21, 9, 10, 8, 8, 10, 21, 14, 16, 12, 10, 11, 16, 11, 12, 16, 13, 14, 12 ],
					"vertices": [ 18.3, 120.84, 102.33, 104.73, 187.78, 65.3, 273.48, -19.86, 312.14, -89.59, 334.85, -156.17, 344.82, -241.82, 329.67, -341.46, 295.8, -415.23, 245.98, -486.56, 172.37, -543.53, 117.13, -569.74, 33.63, -592.89, -76.68, -595.94, -191.89, -552.56, -277.1, -488.02, -328.28, -416.29, -355.46, -358.08, -369.44, -301.49, -377.31, -218.62, -358.52, -120.24, -322.96, -49.45, -270.11, 21.12, -198.43, 73.47, -129.05, 105.34, -62.53, 120.86 ],
					"hull": 26,
					"edges": [ 0, 50, 0, 2, 2, 4, 4, 6, 6, 8, 8, 10, 10, 12, 12, 14, 14, 16, 16, 18, 18, 20, 20, 22, 22, 24, 24, 26, 26, 28, 28, 30, 30, 32, 32, 34, 34, 36, 36, 38, 38, 40, 40, 42, 42, 44, 44, 46, 46, 48, 48, 50 ],
					"width": 827,
					"height": 827
				}
			}
		}
	}
],
"animations": {
	"Idle": {
		"slots": {
			"Core 1": {
				"rgba": [
					{ "color": "ffffffff", "curve": "stepped" },
					{ "time": 0.1, "color": "ffffff00", "curve": "stepped" },
					{ "time": 0.2, "color": "ffffff00", "curve": "stepped" },
					{ "time": 0.3, "color": "ffffff00", "curve": "stepped" },
					{ "time": 0.4, "color": "ffffff00", "curve": "stepped" },
					{ "time": 0.5, "color": "ffffff00", "curve": "stepped" },
					{ "time": 0.6, "color": "ffffffff" }
				]
			},
			"Core 2": {
				"rgba": [
					{ "color": "ffffff00", "curve": "stepped" },
					{ "time": 0.1, "color": "ffffffff", "curve": "stepped" },
					{ "time": 0.2, "color": "ffffff00", "curve": "stepped" },
					{ "time": 0.3, "color": "ffffff00", "curve": "stepped" },
					{ "time": 0.4, "color": "ffffff00", "curve": "stepped" },
					{ "time": 0.5, "color": "ffffff00", "curve": "stepped" },
					{ "time": 0.6, "color": "ffffff00" }
				]
			},
			"Core 3": {
				"rgba": [
					{ "color": "ffffff00", "curve": "stepped" },
					{ "time": 0.1, "color": "ffffff00", "curve": "stepped" },
					{ "time": 0.2, "color": "ffffffff", "curve": "stepped" },
					{ "time": 0.3, "color": "ffffff00", "curve": "stepped" },
					{ "time": 0.4, "color": "ffffff00", "curve": "stepped" },
					{ "time": 0.5, "color": "ffffff00", "curve": "stepped" },
					{ "time": 0.6, "color": "ffffff00" }
				]
			},
			"Core 4": {
				"rgba": [
					{ "color": "ffffff00", "curve": "stepped" },
					{ "time": 0.1, "color": "ffffff00", "curve": "stepped" },
					{ "time": 0.2, "color": "ffffff00", "curve": "stepped" },
					{ "time": 0.3, "color": "ffffffff", "curve": "stepped" },
					{ "time": 0.4, "color": "ffffff00", "curve": "stepped" },
					{ "time": 0.5, "color": "ffffff00", "curve": "stepped" },
					{ "time": 0.6, "color": "ffffff00" }
				]
			},
			"Core 5": {
				"rgba": [
					{ "color": "ffffff00", "curve": "stepped" },
					{ "time": 0.1, "color": "ffffff00", "curve": "stepped" },
					{ "time": 0.2, "color": "ffffff00", "curve": "stepped" },
					{ "time": 0.3, "color": "ffffff00", "curve": "stepped" },
					{ "time": 0.4, "color": "ffffffff", "curve": "stepped" },
					{ "time": 0.5, "color": "ffffff00", "curve": "stepped" },
					{ "time": 0.6, "color": "ffffff00" }
				]
			},
			"Core 6": {
				"rgba": [
					{ "color": "ffffff00", "curve": "stepped" },
					{ "time": 0.1, "color": "ffffff00", "curve": "stepped" },
					{ "time": 0.2, "color": "ffffff00", "curve": "stepped" },
					{ "time": 0.3, "color": "ffffff00", "curve": "stepped" },
					{ "time": 0.4, "color": "ffffff00", "curve": "stepped" },
					{ "time": 0.5, "color": "ffffffff", "curve": "stepped" },
					{ "time": 0.6, "color": "ffffff00" }
				]
			},
			"Frame 1": {
				"rgba": [
					{ "color": "ffffffff", "curve": "stepped" },
					{ "time": 0.1, "color": "ffffff00", "curve": "stepped" },
					{ "time": 0.2, "color": "ffffff00", "curve": "stepped" },
					{ "time": 0.3, "color": "ffffff00", "curve": "stepped" },
					{ "time": 0.4, "color": "ffffff00", "curve": "stepped" },
					{ "time": 0.5, "color": "ffffff00", "curve": "stepped" },
					{ "time": 0.6, "color": "ffffffff" }
				]
			},
			"Frame 2": {
				"rgba": [
					{ "color": "ffffff00", "curve": "stepped" },
					{ "time": 0.1, "color": "ffffffff", "curve": "stepped" },
					{ "time": 0.2, "color": "ffffff00", "curve": "stepped" },
					{ "time": 0.3, "color": "ffffff00", "curve": "stepped" },
					{ "time": 0.4, "color": "ffffff00", "curve": "stepped" },
					{ "time": 0.5, "color": "ffffff00", "curve": "stepped" },
					{ "time": 0.6, "color": "ffffff00" }
				]
			},
			"Frame 3": {
				"rgba": [
					{ "color": "ffffff00", "curve": "stepped" },
					{ "time": 0.1, "color": "ffffff00", "curve": "stepped" },
					{ "time": 0.2, "color": "ffffffff", "curve": "stepped" },
					{ "time": 0.3, "color": "ffffff00", "curve": "stepped" },
					{ "time": 0.4, "color": "ffffff00", "curve": "stepped" },
					{ "time": 0.5, "color": "ffffff00", "curve": "stepped" },
					{ "time": 0.6, "color": "ffffff00" }
				]
			},
			"Frame 4": {
				"rgba": [
					{ "color": "ffffff00", "curve": "stepped" },
					{ "time": 0.1, "color": "ffffff00", "curve": "stepped" },
					{ "time": 0.2, "color": "ffffff00", "curve": "stepped" },
					{ "time": 0.3, "color": "ffffffff", "curve": "stepped" },
					{ "time": 0.4, "color": "ffffff00", "curve": "stepped" },
					{ "time": 0.5, "color": "ffffff00", "curve": "stepped" },
					{ "time": 0.6, "color": "ffffff00" }
				]
			},
			"Frame 5": {
				"rgba": [
					{ "color": "ffffff00", "curve": "stepped" },
					{ "time": 0.1, "color": "ffffff00", "curve": "stepped" },
					{ "time": 0.2, "color": "ffffff00", "curve": "stepped" },
					{ "time": 0.3, "color": "ffffff00", "curve": "stepped" },
					{ "time": 0.4, "color": "ffffffff", "curve": "stepped" },
					{ "time": 0.5, "color": "ffffff00", "curve": "stepped" },
					{ "time": 0.6, "color": "ffffff00" }
				]
			},
			"Frame 6": {
				"rgba": [
					{ "color": "ffffff00", "curve": "stepped" },
					{ "time": 0.1, "color": "ffffff00", "curve": "stepped" },
					{ "time": 0.2, "color": "ffffff00", "curve": "stepped" },
					{ "time": 0.3, "color": "ffffff00", "curve": "stepped" },
					{ "time": 0.4, "color": "ffffff00", "curve": "stepped" },
					{ "time": 0.5, "color": "ffffffff", "curve": "stepped" },
					{ "time": 0.6, "color": "ffffff00" }
				]
			}
		}
	}
}
}