{"camera":{"position":[0.0,0.0],"target_position":[0.0,0.0],"min_bound":[-10000.0,-10000.0],"max_bound":[10000.0,10000.0],"zoom":1.0000003576278687,"target_zoom":1.0000003576278687},"world":[{"name":"art/other/splashscreenrenderV3.png","version":2,"alive":true,"components":[{"RenderComponent":{"texture_path":"art/other/splashscreenrenderV3.png","mesh_path":"__builtin_standard_square","tint":[1.0,1.0,1.0,1.0],"intensity":1.0,"visible":true,"isScreenSpace":false}},{"TransformComponent":{"position":[0.0,0.0],"layer_z":2.000999927520752,"scale":[961.64501953125,540.0],"rotation":0.0}}]},{"name":"Empty Entity(0)","version":1,"alive":false,"components":[]},{"name":"art/ui/Exit.png","version":1,"alive":true,"components":[{"RenderComponent":{"texture_path":"art/ui/Main_Exit.png","mesh_path":"__builtin_standard_square","tint":[1.0,1.0,1.0,1.0],"intensity":1.0,"visible":true,"isScreenSpace":false}},{"TransformComponent":{"position":[346.9999694824219,-75.99998474121094],"layer_z":2.0,"scale":[212.0,70.66667175292969],"rotation":0.0}},{"UIComponent":{"on_mouse_enter":"change texture","on_mouse_enter_params":"{\"texture_path\":\"art/ui/Main_Exit_S.png\"}","on_mouse_stay":"","on_mouse_stay_params":"","on_mouse_click":"change level","on_mouse_click_params":"{\"next_world\":\"assets/world/confirm_exit_main_menu.json\"}","on_mouse_exit":"change texture","on_mouse_exit_params":"{\"texture_path\":\"art/ui/Main_Exit.png\"}","menuType":10,"active":true}}]},{"name":"art/ui/NewGame.png","version":1,"alive":true,"components":[{"RenderComponent":{"texture_path":"art/ui/Main_Play.png","mesh_path":"__builtin_standard_square","tint":[1.0,1.0,1.0,1.0],"intensity":1.0,"visible":true,"isScreenSpace":false}},{"TransformComponent":{"position":[346.0,54.999961853027344],"layer_z":2.0,"scale":[212.0,70.66666412353516],"rotation":0.0}},{"UIComponent":{"on_mouse_enter":"change texture","on_mouse_enter_params":"{\"texture_path\":\"art/ui/Main_Play_S.png\"}","on_mouse_stay":"","on_mouse_stay_params":"","on_mouse_click":"change level","on_mouse_click_params":"{\"next_world\":\"assets/world/M1_Level.json\"}","on_mouse_exit":"change texture","on_mouse_exit_params":"{\"texture_path\":\"art/ui/Main_Play.png\"}","menuType":10,"active":true}}]},{"name":"art/ui/OptionsText.png","version":1,"alive":false,"components":[]},{"name":"art/ui/Continue.png","version":1,"alive":false,"components":[]},{"name":"art/ui/Credits.png","version":1,"alive":false,"components":[]},{"name":"art/other/SB_Menu_GameLogo01_v2.png","version":1,"alive":true,"components":[{"RenderComponent":{"texture_path":"art/other/SB_Menu_GameLogo01_v2.png","mesh_path":"__builtin_standard_square","tint":[1.0,1.0,1.0,1.0],"intensity":1.0,"visible":true,"isScreenSpace":false}},{"TransformComponent":{"position":[345.99993896484375,352.0],"layer_z":2.0,"scale":[494.9518127441406,90.32869720458984],"rotation":0.0}}]}],"emptyIndices":[6,4,5,1]}