{"camera_spring_force_":0.02756977640092373,"camera_zoom_force_":0.25,"camera_offset_":[500.0,200.0],"default_gravity_":-980.0,"deer_gravity_":-1400.0,"deer_jump_force_":1000.0,"deer_move_speed_":7.5,"deer_air_strafe_force_":2000.0,"deer_max_strafe_velocity_":750.0,"deer_air_strafe_friction_":0.004999999888241291,"deer_run_animation_speed_":1.0499999523162842,"ball_gravity_":-490.0,"ball_throw_drag_amount_":500.0,"ball_throw_force_minimum_":0.0,"ball_throw_force_maximum_":1500.0,"ball_air_drag_":0.0005000000237487257,"walk_friction_":0.20000000298023224}